symbol,name
A,"Agilent Technologies, Inc."
AA,Alcoa Inc.
AACQ,Artius Acquisition Inc.
AAC.U,"Ares Acquisition Corporation Units, each consisting of one Class A ordinary share, and one-fifth of one redeemable warrant"
AAL,"American Airlines Group, Inc."
AAN,"Aaron's, Inc."
AAP,Advance Auto Parts Inc
AAPL,Apple Inc.
AAT,"American Assets Trust, Inc."
AAWW,Atlas Air Worldwide Holdings
AB,Allianceberstein Holding L.P.  Units
ABB,ABB Ltd
ABBV,AbbVie Inc.
ABC,AmerisourceBergen Corporation (Holding Co)
ABCB,Ameris Bancorp
ABCL,AbCellera Biologics Inc.
ABGI,ABG Acquisition Corp. I
ABM,ABM Industries Incorporated
ABMD,"ABIOMED, Inc."
ABNB,"Airbnb, Inc."
ABR,Arbor Realty Trust
ABT,Abbott Laboratories
ACA,"Arcosa, Inc."
ACAC,Acies Acquisition Corp.
ACAD,ACADIA Pharmaceuticals Inc.
ACAHU,Atlantic Coastal Acquisition Corp. - Unit
ACB,Aurora Cannabis Inc.
ACC,American Campus Communities Inc
ACCD,"Accolade, Inc."
ACEV,ACE Convergence Acquisition Corp.
ACGL,Arch Capital Group Ltd.
ACHC,"Acadia Healthcare Company, Inc."
ACHV,"Achieve Life Sciences, Inc. "
ACI,"Albertsons Companies, Inc."
ACIC,Atlas Crest Investment Corp.
ACIC.U,"Atlas Crest Investment Corp. Units, each consisting of one Class A common stock, and one-third of one redeemable warrant"
ACII.U,"Atlas Crest Investment Corp. II Units, each consisting of one Class A common stock, $.0001 par value, and one-fourth of one redeemable warrant"
ACIW,"ACI Worldwide, Inc."
ACLS,"Axcelis Technologies, Inc."
ACM,Aecom Technology Corporation
ACMR,"ACM Research, Inc."
ACN,Accenture plc.
ACQRU,Independence Holdings Corp. - Units
ACRE,Ares Commercial Real Estate Corporation
ACRS,"Aclaris Therapeutics, Inc."
ACTC,ArcLight Clean Transition Corp.
ADBE,Adobe Systems Incorporated
ADC,Agree Realty Corporation
ADEX.U,"Adit EdTech Acquisition Corp. Units, each consisting of one share of common stock, and one-half of one redeemable warrant"
ADI,"Analog Devices, Inc."
ADM,Archer-Daniels-Midland Company
ADN,"Advent Technologies Holdings, Inc."
ADNT,Adient plc
ADP,"Automatic Data Processing, Inc."
ADPT,Adaptive Biotechnologies Corporation
ADS,Alliance Data Systems Corporation
ADSK,"Autodesk, Inc."
ADTN,"ADTRAN, Inc."
ADVM,"Adverum Biotechnologies, Inc."
AEE,Ameren Corporation
AEI,Alset EHome International Inc.
AEIS,"Advanced Energy Industries, Inc."
AEL,American Equity Investment Life Holding Company
AEM,Agnico Eagle Mines Limited
AEO,"American Eagle Outfitters, Inc."
AEP,"American Electric Power Company, Inc."
AER,Aercap Holdings N.V.
AERI,"Aerie Pharmaceuticals, Inc."
AES,The AES Corporation
AFG,"American Financial Group, Inc."
AFIB,"Acutus Medical, Inc."
AFIN,"American Finance Trust, Inc."
AFL,AFLAC Incorporated
AFRM,"Affirm Holdings, Inc."
AG,First Majestic Silver Corp.
AGC,Altimeter Growth Corp.
AGCB,Altimeter Growth Corp. 2
AGCO,AGCO Corporation
AGFY,Agrify Corporation
AGIO,"Agios Pharmaceuticals, Inc."
AGNC,American Capital Agency Corp.
AGO,Assured Guaranty Ltd.
AGR,"Avangrid, Inc."
AHAC,Alpha Healthcare Acquisition Corp.
AHCO,AdaptHealth Corp.
AI,"C3.ai, Inc."
AIG,"American International Group, Inc."
AIMC,"Altra Holdings, Inc."
AIRC,Apartment Income REIT Corp.
AIRG,"Airgain, Inc."
AIZ,"Assurant, Inc."
AJAX,Ajax I
AJG,Arthur J. Gallagher & Co.
AKAM,"Akamai Technologies, Inc."
AKR,Acadia Realty Trust
AKRO,"Akero Therapeutics, Inc."
AKTS,"Akoustis Technologies, Inc."
AL,Air Lease Corporation
ALB,Albemarle Corporation
ALC,Alcon Inc.
ALDX,"Aldeyra Therapeutics, Inc."
ALE,"Allete, Inc."
ALEC,"Alector, Inc."
ALEX,"Alexander & Baldwin, Inc."
ALGM,"Allegro MicroSystems, Inc."
ALGN,"Align Technology, Inc."
ALK,"Alaska Air Group, Inc."
ALKS,Alkermes plc
ALL,Allstate Corporation (The)
ALLE,Allegion plc
ALLK,Allakos Inc.
ALLO,"Allogene Therapeutics, Inc."
ALLT,Allot Communications Ltd.
ALLY,Ally Financial Inc.
ALNY,"Alnylam Pharmaceuticals, Inc."
ALRM,"Alarm.com Holdings, Inc."
ALSN,"Allison Transmission Holdings, Inc."
ALT,"Altimmune, Inc."
ALTR,Altair Engineering Inc.
ALTU,Altitude Acquisition Corp.
ALUS,Alussa Energy Acquisition Corp.
ALUS.U,"Alussa Energy Acquisition Corp. Units, each consisting of one Class A Ordinary Share, and one-half of one redeemable warrant"
ALV,"Autoliv, Inc."
ALVR,"AlloVir, Inc."
AMAT,"Applied Materials, Inc."
AMBA,"Ambarella, Inc."
AMBC,"Ambac Financial Group, Inc."
AMC,"AMC Entertainment Holdings, Inc."
AMCR,Amcor plc
AMCX,AMC Networks Inc.
AMD,"Advanced Micro Devices, Inc."
AME,"AMETEK, Inc."
AMG,"Affiliated Managers Group, Inc."
AMGN,Amgen Inc.
AMH,American Homes 4 Rent
AMKR,"Amkor Technology, Inc."
AMN,AMN Healthcare Services Inc
AMP,"Ameriprise Financial, Inc."
AMPG,"Amplitech Group, Inc."
AMRC,"Ameresco, Inc."
AMRS,"Amyris, Inc."
AMSC,American Superconductor Corporation
AMT,American Tower Corporation (REIT)
AMTX,"Aemetis, Inc"
AMWL,American Well Corporation
AMX,"America Movil, S.A.B. de C.V."
AMZN,"Amazon.com, Inc."
AN,"AutoNation, Inc."
ANAB,"AnaptysBio, Inc."
ANET,"Arista Networks, Inc."
ANF,Abercrombie & Fitch Company
ANGO,"AngioDynamics, Inc."
ANSS,"ANSYS, Inc."
ANTM,"Anthem, Inc."
ANVS,"Annovis Bio, Inc."
ANZUU,Anzu Special Acquisition Corp I
AON,Aon plc
AONE,one
AOS,A.O. Smith Corporation
AOSL,Alpha and Omega Semiconductor Limited
APA,Apache Corporation
APAM,Artisan Partners Asset Management Inc.
APD,"Air Products and Chemicals, Inc."
APG,APi Group Corporation
APH,Amphenol Corporation
APHA,Aphria Inc.
API,"Agora, Inc."
APLE,"Apple Hospitality REIT, Inc."
APLS,"Apellis Pharmaceuticals, Inc."
APO,"Apollo Global Management, LLC"
APPH,"AppHarvest, Inc."
APPN,Appian Corporation
APPS,"Digital Turbine, Inc."
APR,"Apria, Inc."
APSG,Apollo Strategic Growth Capital
APT,"Alpha Pro Tech, Ltd."
APTS,"Preferred Apartment Communities, Inc."
APTV,Aptiv PLC
APXT,Apex Technology Acquisition Corporation
AQN,Algonquin Power & Utilities Corp.
AQUA,Evoqua Water Technologies Corp.
AR,Antero Resources Corporation
ARCH,"Arch Coal, Inc."
ARCT,Arcturus Therapeutics Ltd.
ARE,"Alexandria Real Estate Equities, Inc."
ARES,Ares Management
ARI,"Apollo Commercial Real Estate Finance, Inc"
ARMK,ARAMARK Holdings Corporation
ARNA,"Arena Pharmaceuticals, Inc."
ARNC,Arconic Inc.
AROC,"Archrock, Inc."
ARQT,"Arcutis Biotherapeutics, Inc."
ARR,"ARMOUR Residential REIT, Inc."
ARRWU,Arrowroot Acquisition Corp
ARRY,"Array Technologies, Inc."
ARVN,"Arvinas, Inc."
ARW,"Arrow Electronics, Inc."
ARWR,Arrowhead Research Corporation
ARYA,ARYA Sciences Acquisition Corp.
ASAI,Sendas Distribuidora S.A. ADS
ASAN,"Asana, Inc."
ASAXU,Astrea Acquisition Corp. - Unit
ASB,Associated Banc-Corp
ASH,Ashland Inc.
ASML,ASML Holding N.V.
ASO,"Academy Sports and Outdoors, Inc."
ASPCU,Alpha Capital Acquisition Company
ASPI,"Aspire Real Estate Investors, Inc."
ASPL,Aspirational Consumer Lifestyle Corp.
ASPN,"Aspen Aerogels, Inc."
ASZ.U,"Austerlitz Acquisition Corporation II Units, each consisting of one Class A ordinary share and one-fourth of one redeemable warrant"
ATAC.U,"Altimar Acquisition Corporation Units, each consisting of one Class A ordinary share and one-third of one redeemable warrant"
ATC,Atotech Limited
ATCO,Atlas Corp.
ATEC,"Alphatec Holdings, Inc."
ATEN,"A10 Networks, Inc."
ATGE,Adtalem Global Education Inc.
ATH,Athene Holding Ltd.
ATHA,"Athira Pharma, Inc."
ATHM,Autohome Inc.
ATI,Allegheny Technologies Incorporated
ATKR,Atkore International Group Inc.
ATMR.U,"Altimar Acquisition Corp. II Units, each consisting of one Class A ordinary share and one-fourth of one redeemable warrant"
ATO,Atmos Energy Corporation
ATOM,Atomera Incorporated
ATRA,"Atara Biotherapeutics, Inc."
ATRC,"AtriCure, Inc."
ATRO,Astronics Corporation
ATSG,"Air Transport Services Group, Inc"
ATUS,"Altice USA, Inc."
ATVI,"Activision Blizzard, Inc"
AU,AngloGold Ashanti Limited
AUDC,AudioCodes Ltd.
AUPH,Aurinia Pharmaceuticals Inc
AVAN,Avanti Acquisition Corp.
AVAN.U,"Avanti Acquisition Corp. Units, each consisting of one Class A ordinary share, and redeemable warrant"
AVAV,"AeroVironment, Inc."
AVB,"AvalonBay Communities, Inc."
AVEO,"AVEO Pharmaceuticals, Inc."
AVGO,Broadcom Limited
AVID,"Avid Technology, Inc."
AVIR,"Atea Pharmaceuticals, Inc."
AVLR,"Avalara, Inc."
AVNT,Avient Corporation
AVRO,"AVROBIO, Inc."
AVT,"Avnet, Inc."
AVTR,"Avantor, Inc."
AVXL,Anavex Life Sciences Corp.
AVY,Avery Dennison Corporation
AVYA,Avaya Holdings Corp.
AWI,Armstrong World Industries Inc
AWK,"American Water Works Company, Inc."
AX,"Axos Financial, Inc."
AXGN,"AxoGen, Inc."
AXL,"American Axle & Manufacturing Holdings, Inc."
AXNX,"Axonics Modulation Technologies, Inc."
AXON,"Axon Enterprise, Inc."
AXP,American Express Company
AXS,Axis Capital Holdings Limited
AXSM,"Axsome Therapeutics, Inc."
AXTA,Axalta Coating Systems Ltd.
AXTI,AXT Inc
AY,Atlantica Yield plc
AYI,Acuity Brands Inc (Holding Company)
AYX,"Alteryx, Inc."
AZEK,The AZEK Company Inc.
AZN,Astrazeneca PLC
AZPN,"Aspen Technology, Inc."
AZRE,Azure Power Global Limited Equity Shares
AZUL,Azul S.A.
BA,Boeing Company (The)
BABA,Alibaba Group Holding Limited
BAC,Bank of America Corporation
BAH,Booz Allen Hamilton Holding Corporation
BALY,Bally's Corporation
BAM,Brookfield Asset Management Inc.
BAND,Bandwidth Inc.
BAP,Credicorp Ltd.
BAX,Baxter International Inc.
BB,BlackBerry Ltd
BBBY,Bed Bath & Beyond Inc.
BBIO,"BridgeBio Pharma, Inc."
BBL,BHP Billiton plc Sponsored ADR
BBY,"Best Buy Co., Inc."
BC,Brunswick Corporation
BCAB,"BioAtla, Inc."
BCC,"Boise Cascade, L.L.C."
BCE,"BCE, Inc."
BCEI,"Bonanza Creek Energy, Inc."
BCO,Brinks Company (The)
BCOR,"Blucora, Inc."
BCOV,Brightcove Inc.
BCRX,"BioCryst Pharmaceuticals, Inc."
BCSF,"Bain Capital Specialty Finance, Inc."
BDC,Belden Inc
BDN,Brandywine Realty Trust
BDTX,"Black Diamond Therapeutics, Inc."
BDX,"Becton, Dickinson and Company"
BE,Bloom Energy Corporation
BEAM,Beam Therapeutics Inc.
BECN,"Beacon Roofing Supply, Inc."
BEEM,Beam Global
BEKE,KE Holdings Inc
BEN,"Franklin Resources, Inc."
BEP,Brookfield Renewable Energy Partners LP Partnership Units (Bermuda)
BEPC,Brookfield Renewable Corporation
BERY,"Berry Plastics Group, Inc."
BFAM,Bright Horizons Family Solutions Inc.
BF.B,Brown Forman Inc Class B
BFI,BurgerFi International Inc
BFLY,"Butterfly Network, Inc."
BFT,Foley Trasimene Acquisition Corp. II / Paysafe Group
BG,Bunge Limited
BGFV,Big 5 Sporting Goods Corporation
BGNE,"BeiGene, Ltd."
BGS,"B&G Foods, Inc."
BHC,Bausch Health Companies Inc.
BHF,"Brighthouse Financial, Inc."
BHLB,"Berkshire Hills Bancorp, Inc."
BHP,BHP Billiton Limited
BHVN,Biohaven Pharmaceutical Holding Company Ltd.
BIDU,"Baidu, Inc."
BIG,"Big Lots, Inc."
BIGC,"BigCommerce Holdings, Inc."
BIIB,Biogen Idec Inc.
BILI,Bilibili Inc.
BILL,"Bill.com Holdings, Inc."
BIP,Brookfield Infrastructure Partners LP Limited Partnership Units
BJ,"BJ's Wholesale Club Holdings, Inc."
BJRI,"BJ's Restaurants, Inc."
BK,Bank of New York Mellon Corporation (The)
BKE,"Buckle, Inc. (The)"
BKH,Black Hills Corporation
BKI,"Black Knight, Inc."
BKNG,Booking Holdings Inc.
BKR,Baker Hughes Company
BKU,"BankUnited, Inc."
BL,"BlackLine, Inc."
BLBD,Blue Bird Corporation
BLCT,BlueCity Holdings Limited
BLD,TopBuild Corp.
BLDP,"Ballard Power Systems, Inc."
BLDR,"Builders FirstSource, Inc."
BLFS,"BioLife Solutions, Inc."
BLI,"Berkeley Lights, Inc."
BLK,"BlackRock, Inc."
BLKB,"Blackbaud, Inc."
BLL,Ball Corporation
BLMN,"Bloomin' Brands, Inc."
BLNK,Blink Charging Co.
BLUE,"bluebird bio, Inc."
BMA,Banco Macro S.A. 
BMBL,Bumble Inc.
BMEZ,BlackRock Health Sciences Trust II
BMO,Bank Of Montreal
BMRN,BioMarin Pharmaceutical Inc.
BMY,Bristol-Myers Squibb Company
BNFT,"Benefitfocus, Inc."
BNL,"Broadstone Net Lease, Inc."
BNR,Burning Rock Biotech Limited
BNS,Bank Nova Scotia Halifax Pfd 3
BNTX,BioNTech SE
BOAC,Bluescape Opportunities Acquisition Corp.
BOH,Bank of Hawaii Corporation
BOLT,"Bolt Biotherapeutics, Inc."
BOOT,"Boot Barn Holdings, Inc."
BOWX,BowX Acquisition Corp.
BOX,"Box, Inc."
BP,BP p.l.c.
BPFH,"Boston Private Financial Holdings, Inc."
BPMC,Blueprint Medicines Corporation
BPMP,BP Midstream Partners LP
BPOP,"Popular, Inc."
BPYU,Brookfield Property REIT Inc.
BR,"Broadridge Financial Solutions, Inc."
BRG,"Bluerock Residential Growth REIT, Inc."
BRK.B,Berkshire Hathaway Inc.
BRKL,"Brookline Bancorp, Inc."
BRKR,Bruker Corporation
BRKS,"Brooks Automation, Inc."
BRMK,Broadmark Realty Capital Inc.
BRO,"Brown & Brown, Inc."
BRP,"BRP Group, Inc."
BRPMU,B. Riley Principal 150 Merger Corp. - Unit
BRX,Brixmor Property Group Inc.
BSAC,Banco Santander - Chile ADS
BSIG,BrightSphere Investment Group plc
BSX,Boston Scientific Corporation
BSY,"Bentley Systems, Incorporated"
BTAI,"BioXcel Therapeutics, Inc."
BTAQ,Burgundy Technology Acquisition Corporation
BTBT,Golden Bull Limited
BTI,"British American Tobacco  Industries, p.l.c. ADR"
BTNB,Bridgetown 2 Holdings Limited
BTRS,BTRS Holdings (Billtrust) Inc.
BTWN,Bridgetown Holdings Limited
BUD,Anheuser-Busch Inbev SA Sponsored ADR (Belgium)
BURL,"Burlington Stores, Inc."
BV,"BrightView Holdings, Inc."
BVN,Buenaventura Mining Company Inc.
BVS,Bioventus Inc.
BWA,BorgWarner Inc.
BWXT,"BWX Technologies, Inc."
BX,The Blackstone Group L.P.
BXMT,"Blackstone Mortgage Trust, Inc."
BXP,"Boston Properties, Inc."
BXS,"BancorpSouth, Inc."
BYD,Boyd Gaming Corporation
BYND,"Beyond Meat, Inc."
BYSI,"BeyondSpring, Inc."
BZH,"Beazer Homes USA, Inc."
BZUN,Baozun Inc.
C,"Citigroup, Inc."
CADE,Cadence Bancorporation
CAE,CAE Inc.
CAG,"ConAgra Foods, Inc."
CAH,"Cardinal Health, Inc."
CAJ,"Canon, Inc."
CAKE,The Cheesecake Factory Incorporated
CAL,"Caleres, Inc."
CALM,"Cal-Maine Foods, Inc."
CALX,"Calix, Inc"
CAN,Canaan Inc.
CANG,Cango Inc.
CAP,Capitol Investment Corp. V
CAPA,HighCape Capital Acquisition Corp.
CAR,"Avis Budget Group, Inc."
CARA,"Cara Therapeutics, Inc."
CARG,"CarGurus, Inc."
CARR,Carrier Global Corporation
CARS,Cars.com Inc.
CARV,"Carver Bancorp, Inc."
CASY,"Caseys General Stores, Inc."
CAT,"Caterpillar, Inc."
CATY,Cathay General Bancorp
CB,Chubb Corporation (The)
CBOE,"CBOE Holdings, Inc."
CBRE,CBRE Group Inc
CBRL,"Cracker Barrel Old Country Store, Inc."
CBSH,"Commerce Bancshares, Inc."
CBT,Cabot Corporation
CC,Chemours Company (The)
CCAC,CITIC Capital Acquisition Corp.
CCAC.U,CITIC Capital Acquisition Corp. Units
CCEP,Coca-Cola European Partners plc
CCI,Crown Castle International Corporation
CCIV,Churchill Capital Corp IV
CCIV.U,"Churchill Capital Corp IV Units, each consisting of one share of Class A common stock and one-fifth of one redeemable warrant"
CCJ,Cameco Corporation
CCK,"Crown Holdings, Inc."
CCL,Carnival Corporation
CCOI,"Cogent Communications Group, Inc."
CCS,"Century Communities, Inc."
CCU,"Compania Cervecerias Unidas, S.A."
CCV,Churchill Capital Corp V
CCVI.U,"Churchill Capital Corp VI Units, each consisting of one share of Class A common stock, and one-fifth of one redeemable warrant"
CCV.U,"Churchill Capital Corp V Units, each consisting of one share of Class A common stock, and one-fourth of one redeemable warrant"
CCXI,"ChemoCentryx, Inc."
CD,Chindata Group Holdings Limited
CDAY,Ceridian HCM Holding Inc.
CDK,"CDK Global, Inc."
CDLX,"Cardlytics, Inc."
CDMO,"Avid Bioservices, Inc."
CDNA,"CareDx, Inc."
CDNS,"Cadence Design Systems, Inc."
CDW,CDW Corporation
CDXC,ChromaDex Corporation
CDXS,"Codexis, Inc."
CE,Celanese Corporation
CEIX,CONSOL Energy Inc.
CELH,"Celsius Holdings, Inc."
CENHU,Centricus Acquisition Corp. - Unit
CENX,Century Aluminum Company
CEQP,Crestwood Equity Partners LP
CERN,Cerner Corporation
CERT,"Certara, Inc."
CEVA,"CEVA, Inc."
CF,"CF Industries Holdings, Inc."
CFAC,CF Finance Acquisition Corp. III
CFFN,"Capitol Federal Financial, Inc."
CFG,"Citizens Financial Group, Inc."
CFIVU,CF Acquisition Corp. IV - Unit
CFR,"Cullen/Frost Bankers, Inc."
CFVIU,CF Acquisition Corp. VI
CFX,Colfax Corporation
CG,The Carlyle Group L.P.
CGC,Canopy Growth Corporation
CGNT,Cognyte Software Ltd.
CGNX,Cognex Corporation
CGRO,Collective Growth Corporation
CHD,"Church & Dwight Company, Inc."
CHEF,"The Chefs' Warehouse, Inc."
CHGG,"Chegg, Inc."
CHK,Chesapeake Energy Corporation
CHKP,Check Point Software Technologies Ltd.
CHL,China Mobile Limited
CHPT,Chargepoint Holdings Inc
CHRS,"Coherus BioSciences, Inc."
CHRW,"C.H. Robinson Worldwide, Inc."
CHTR,"Charter Communications, Inc."
CHWY,"Chewy, Inc."
CHX,ChampionX Corporation
CI,Cigna Corporation
CIEN,Ciena Corporation
CIIC,CIIG Merger Corp.
CIM,Chimera Investment Corporation
CINF,Cincinnati Financial Corporation
CIT,CIT Group Inc (DEL)
CL,Colgate-Palmolive Company
CLA,Colonnade Acquisition Corp.
CLAS.U,"Class Acceleration Corp. Units, each consisting of one share of Class A common stock, and one-half of one redeemable warrant"
CLB,Core Laboratories N.V.
CLDR,"Cloudera, Inc."
CLDT,Chatham Lodging Trust (REIT)
CLDX,"Celldex Therapeutics, Inc."
CLF,Cliffs Natural Resources Inc
CLH,"Clean Harbors, Inc."
CLI,Mack-Cali Realty Corporation
CLII,Climate Change Crisis Real Impact I Acquisition Corporation - EVGo
CLLS,Cellectis S.A.
CLNE,Clean Energy Fuels Corp.
CLNN,Clene Inc.
CLPT,ClearPoint Neuro Inc.
CLR,"Continental Resources, Inc."
CLSK,"CleanSpark, Inc."
CLVR,Clever Leaves Holdings Inc.
CLVT,Clarivate Plc
CLX,Clorox Company (The)
CM,Canadian Imperial Bank of Commerce
CMA,Comerica Incorporated
CMBM,Cambium Networks Corporation
CMC,Commercial Metals Company
CMCSA,Comcast Corporation - Class A
CMD,Cantel Medical Corp.
CME,CME Group Inc.
CMG,"Chipotle Mexican Grill, Inc."
CMI,Cummins Inc.
CMIIU,CM Life Sciences II Inc
CMLF,"CM Life Sciences, Inc."
CMPS,COMPASS Pathways Plc
CMRE,Costamare Inc.
CMRX,"Chimerix, Inc."
CMS,CMS Energy Corporation
CNC,Centene Corporation
CNHI,CNH Industrial N.V.
CNI,Canadian National Railway Company
CNK,Cinemark Holdings Inc
CNMD,CONMED Corporation
CNNE,"Cannae Holdings, Inc."
CNO,"CNO Financial Group, Inc."
CNP,"CenterPoint Energy, Inc (Holding Co)"
CNQ,Canadian Natural Resources Limited
CNR,"Cornerstone Building Brands, Inc."
CNST,"Constellation Pharmaceuticals, Inc."
CNX,CONSOL Energy Inc.
CODX,"Co-Diagnostics, Inc."
COF,Capital One Financial Corporation
COG,Cabot Oil & Gas Corporation
COHU,"Cohu, Inc."
COLB,"Columbia Banking System, Inc."
COLD,Americold Realty Trust
COLIU,Colicity Inc
COLL,"Collegium Pharmaceutical, Inc."
COLM,Columbia Sportswear Company
COMM,"CommScope Holding Company, Inc."
CONE,CyrusOne Inc
CONN,"Conn's, Inc."
CONX,CONX Corp.
COO,"Cooper Companies, Inc. (The)"
COOLU,Corner Growth Acquisition Corp. - Unit
COOP,Mr. Cooper Group Inc.
COP,ConocoPhillips
COR,CoreSite Realty Corporation
CORT,Corcept Therapeutics Incorporated
COST,Costco Wholesale Corporation
COUP,Coupa Software Incorporated
COVAU,COVA Acquisition Corp. - Unit
COWN,"Cowen Group, Inc."
CP,Canadian Pacific Railway Limited
CPA,"Copa Holdings, S.A."
CPB,Campbell Soup Company
CPE,Callon Petroleum Company
CPNG,"Coupang, Inc. Class A Common Stock"
CPRI,Capri Holdings Limited
CPRT,"Copart, Inc."
CPSH,CPS Technologies Corp.
CPT,Camden Property Trust
CPTK.U,"Crown PropTech Acquisitions Units, each consisting of one Class A ordinary share and one-third of one redeemable warrant"
CPUH.U,"Compute Health Acquisition Corp. Units, each consisting of one share of Class A common stock and one-quarter of one redeemable warrant"
CR,Crane Company
CRC,California Resources Corporation
CRDF,"Cardiff Oncology, Inc."
CREE,"Cree, Inc."
CRH,CRH PLC
CRHC,Cohn Robbins Holdings Corp.
CRHC.U,"Cohn Robbins Holdings Corp. Units, each consisting of one Class A ordinary share and one-third of one redeemable warrant"
CRI,"Carter's, Inc."
CRIS,"Curis, Inc."
CRL,"Charles River Laboratories International, Inc."
CRM,Salesforce.com Inc
CRNC,Cerence Inc.
CRON,Cronos Group Inc.
CROX,"Crocs, Inc."
CRS,Carpenter Technology Corporation
CRSA,Crescent Acquisition Corp
CRSP,CRISPR Therapeutics AG
CRSR,"Corsair Gaming, Inc."
CRTO,Criteo S.A.
CRTX,"Cortexyme, Inc."
CRUS,"Cirrus Logic, Inc."
CRWD,"CrowdStrike Holdings, Inc."
CS,Credit Suisse Group
CSCO,"Cisco Systems, Inc."
CSGP,"CoStar Group, Inc."
CSIQ,Canadian Solar Inc.
CSL,Carlisle Companies Incorporated
CSOD,"Cornerstone OnDemand, Inc."
CSTL,"Castle Biosciences, Inc."
CSTM,Constellium N.V.
CSX,CSX Corporation
CTAS,Cintas Corporation
CTB,Cooper Tire & Rubber Company
CTLT,"Catalent, Inc."
CTRE,"CareTrust REIT, Inc."
CTSH,Cognizant Technology Solutions Corporation
CTVA,"Corteva, Inc."
CTXS,"Citrix Systems, Inc."
CUBE,CubeSmart
CUE,"Cue Biopharma, Inc."
CUK,Carnival Plc ADS ADS
CURI,CuriosityStream Inc. 
CURO,CURO Group Holdings Corp.
CUZ,Cousins Properties Incorporated
CVA,Covanta Holding Corporation
CVAC,CureVac N.V.
CVBF,CVB Financial Corporation
CVET,"Covetrus, Inc."
CVGI,"Commercial Vehicle Group, Inc."
CVI,CVR Energy Inc.
CVII.U,"Churchill Capital Corp VII Units, each consisting of one share of Class A common stock, and one-fifth of one redeemable warrant"
CVLT,"CommVault Systems, Inc."
CVM,Cel-Sci Corporation
CVNA,Carvana Co.
CVS,CVS Caremark Corporation
CVX,Chevron Corporation
CWEN,"Clearway Energy, Inc. Class C"
CWEN.A,"Clearway Energy, Inc. Class A"
CWH,"Camping World Holdings, Inc. "
CWK,Cushman & Wakefield plc
CWST,"Casella Waste Systems, Inc."
CXO,Concho Resources Inc.
CXP,"Columbia Property Trust, Inc."
CYBR,CyberArk Software Ltd.
CYRX,"CryoPort, Inc."
CYTK,"Cytokinetics, Incorporated"
CZR,Caesars Entertainment Corporation
CZZ,Cosan Limited
D,"Dominion Resources, Inc."
DAC,Danaos Corporation
DADA,Dada Nexus Limited
DAL,"Delta Air Lines, Inc."
DAN,Dana Holding Corporation
DAO,"Youdao, Inc."
DAR,Darling Ingredients
DASH,"DoorDash, Inc."
DB,Deutsche Bank AG
DBD,"Diebold, Incorporated"
DBI,Designer Brands Inc.
DBX,"Dropbox, Inc."
DCI,"Donaldson Company, Inc."
DCOM,"Dime Community Bancshares, Inc."
DCP,"DCP Midstream,  LP"
DCPH,"Deciphera Pharmaceuticals, Inc."
DCRB,Decarbonization Plus Acquisition Corporation
DCRNU,Decarbonization Plus Acquisition Corporation II - Unit
DCT,"Duck Creek Technologies, Inc."
DD,"DuPont de Nemours, Inc."
DDD,3D Systems Corporation
DDOG,"Datadog, Inc."
DDS,"Dillard's, Inc."
DE,Deere & Company
DEA,"Easterly Government Properties, Inc."
DECK,Deckers Outdoor Corporation
DEI,"Douglas Emmett, Inc."
DELL,Dell Technologies Inc. Class C
DEN,Denbury Inc.
DENN,Denny's Corporation
DEO,Diageo plc
DESP,"Despegar.com, Corp."
DFH,"Dream Finders Homes, Inc."
DFS,Discover Financial Services
DG,Dollar General Corporation
DGII,Digi International Inc.
DGNR,Dragoneer Growth Opportunities Corp.
DGNR.U,"Dragoneer Growth Opportunities Corp. Units, each consisting of one Class A ordinary share, and one-fourth of one redeemable warrant"
DGX,Quest Diagnostics Incorporated
DHBCU,DHB Capital Corp
DHCAU,DHC Acquisition Corp
DHHCU,DiamondHead Holdings Corp. - Unit
DHI,"D.R. Horton, Inc."
DHR,Danaher Corporation
DIN,Dine Brands Global
DIOD,Diodes Incorporated
DIS,Walt Disney Company (The)
DISCA,"Discovery Communications, Inc. - Series A"
DISCK,"Discovery Communications, Inc. - Series C"
DISH,DISH Network Corporation
DK,"Delek US Holdings, Inc."
DKNG,DraftKings Inc.
DKS,Dick's Sporting Goods Inc
DLB,Dolby Laboratories
DLR,"Digital Realty Trust, Inc."
DLTR,"Dollar Tree, Inc."
DLX,Deluxe Corporation
DM,"Desktop Metal, Inc."
DMTK,"DermTech, Inc."
DMYD,"dMY Technology Group, Inc. II "
DMYD.U,"dMY Technology Group, Inc. II Units, each consisting of one share of Class A common stock and one-third of one redeemable warrant"
DMYI,"dMY Technology Group, Inc. III"
DMYI.U,"dMY Technology Group, Inc. III Units, each consisting of one share of Class A common stock and one-fourth of one redeemable warrant"
DNB,"Dun & Bradstreet Holdings, Inc."
DNLI,Denali Therapeutics Inc.
DNMR,"Danimer Scientific, Inc."
DNOW,NOW Inc.
DOC,Physicians Realty Trust
DOCU,"DocuSign, Inc."
DOMO,"Domo, Inc."
DOV,Dover Corporation
DOW,Dow Inc.
DOX,Amdocs Limited
DOYU,DouYu International Holdings Limited - ADS
DPZ,Domino's Pizza Inc
DQ,Daqo New Energy Corp.
DRE,Duke Realty Corporation
DRH,Diamondrock Hospitality Company
DRI,"Darden Restaurants, Inc."
DRIO,LabStyle Innovations Corp.
DRNA,"Dicerna Pharmaceuticals, Inc."
DRVN,Driven Brands Holdings Inc.
DSP,Viant Technology Inc.
DT,"Dynatrace, Inc."
DTE,DTE Energy Company
DTIL,"Precision BioSciences, Inc."
DTOCU,Digital Transformation Opportunities Corp. - Units
DUK,Duke Energy Corporation (Holding Company)
DVA,DaVita HealthCare Partners Inc.
DVN,Devon Energy Corporation
DX,"Dynex Capital, Inc."
DXC,DXC Technology Company
DXCM,"DexCom, Inc."
DY,"Dycom Industries, Inc."
DYN,"Dyne Therapeutics, Inc."
E,ENI S.p.A.
EA,Electronic Arts Inc.
EAF,GrafTech International Ltd.
EAR,"Eargo, Inc."
EAT,"Brinker International, Inc."
EB,"Eventbrite, Inc."
EBAY,eBay Inc.
EBC,"Eastern Bankshares, Inc."
EBIX,"Ebix, Inc."
EBS,"Emergent Biosolutions, Inc."
EC,Ecopetrol S.A.
ECL,Ecolab Inc.
ECOM,ChannelAdvisor Corporation
ECPG,Encore Capital Group Inc
ED,"Consolidated Edison, Inc."
EDIT,"Editas Medicine, Inc."
EDU,"New Oriental Education & Technology Group, Inc."
EEFT,"Euronet Worldwide, Inc."
EFX,"Equifax, Inc."
EGAN,eGain Corporation
EGHT,8x8 Inc
EGO,Eldorado Gold Corporation
EH,EHang Holdings Limited - ADS
EHC,Encompass Health Corporation
EHTH,"eHealth, Inc."
EIGR,"Eiger BioPharmaceuticals, Inc."
EIX,Edison International
EJFAU,EJF Acquisition Corp
EL,"Estee Lauder Companies, Inc. (The)"
ELAN,Elanco Animal Health Incorporated
ELF,"e.l.f. Beauty, Inc."
ELP,Companhia Paranaense de Energia (COPEL)
ELS,"Equity Lifestyle Properties, Inc."
ELY,Callaway Golf Company
EMN,Eastman Chemical Company
EMR,Emerson Electric Company
ENB,Enbridge Inc
ENLV,Enlivex Therapeutics Ltd.
ENNVU,ECP Environmental Growth Opportunities Corp.
ENPH,"Enphase Energy, Inc."
ENR,"Energizer Holdings, Inc."
ENSG,"The Ensign Group, Inc."
ENTG,"Entegris, Inc."
ENV,"Envestnet, Inc"
ENVA,"Enova International, Inc."
ENVIU,Environmental Impact Acquisition Corp. - Unit
EOG,"EOG Resources, Inc."
EOLS,"Evolus, Inc."
EOSE,"Eos Energy Enterprises, Inc."
EPAM,"EPAM Systems, Inc."
EPC,Edgewell Personal Care Company
EPD,Enterprise Products Partners L.P.
EPHYU,Epiphany Technology Acquisition Corp. - Unit
EPIX,ESSA Pharma Inc.
EPR,EPR Properties
EPRT,"Essential Properties Realty Trust, Inc."
EQC,Equity Commonwealth
EQD,Equity Distribution Acquisition Corp.
EQH,"AXA Equitable Holdings, Inc."
EQIX,"Equinix, Inc."
EQNR,Equinor ASA
EQOS,Diginex Limited
EQR,Equity Residential
EQT,EQT Corporation
ERIC,Ericsson
ERII,"Energy Recovery, Inc."
ES,Eversource Energy (D/B/A)
ESI,Element Solutions Inc.
ESNT,Essent Group Ltd.
ESPR,"Esperion Therapeutics, Inc."
ESRT,"Empire State Realty Trust, Inc."
ESS,"Essex Property Trust, Inc."
ESTC,Elastic B.V.
ETAC,E.Merge Technology Acquisition Corp.
ETH,Ethan Allen Interiors Inc.
ETN,"Eaton Corporation, PLC"
ETR,Entergy Corporation
ETSY,"Etsy, Inc."
EVBG,"Everbridge, Inc."
EVER,"EverQuote, Inc."
EVH,"Evolent Health, Inc"
EVLO,"Evelo Biosciences, Inc."
EVOP,"EVO Payments, Inc."
EVR,Evercore Partners Inc
EVRG,"Evergy, Inc."
EVRI,Everi Holdings Inc.
EVTC,"Evertec, Inc."
EW,Edwards Lifesciences Corporation
EWBC,"East West Bancorp, Inc."
EXAS,Exact Sciences Corporation
EXC,Exelon Corporation
EXEL,"Exelixis, Inc."
EXP,Eagle Materials Inc
EXPC,Experience Investment Corp.
EXPD,"Expeditors International of Washington, Inc."
EXPE,"Expedia, Inc."
EXPI,"eXp World Holdings, Inc."
EXR,Extra Space Storage Inc
EYE,"National Vision Holdings, Inc."
EYES,"Second Sight Medical Products, Inc."
EYPT,"EyePoint Pharmaceuticals, Inc."
F,Ford Motor Company
FACA.U,"Figure Acquisition Corp. I Units, each consisting of one share of Class A common stock and one-fourth of one redeemable warrant"
FACT.U,"Freedom Acquisition I Corp. Units, each consisting of one Class A ordinary share and one-fourth of one redeemable warrant"
FAF,First American Corporation
FAII,Fortress Value Acquisition Corp. II
FANG,"Diamondback Energy, Inc."
FAST,Fastenal Company
FATE,"Fate Therapeutics, Inc."
FB,"Facebook, Inc."
FBC,"Flagstar Bancorp, Inc."
FBHS,"Fortune Brands Home & Security, Inc."
FBP,First BanCorp.
FCAC,Falcon Capital Acquisition Corp.
FCEL,"FuelCell Energy, Inc."
FCF,First Commonwealth Financial Corporation
FCFS,"First Cash Financial Services, Inc."
FCN,"FTI Consulting, Inc."
FCPT,"Four Corners Property Trust, Inc."
FCX,"Freeport-McMoRan Copper & Gold, Inc."
FDX,FedEx Corporation
FE,FirstEnergy Corporation
FEYE,"FireEye, Inc."
FFBC,First Financial Bancorp.
FFIN,"First Financial Bankshares, Inc."
FFIV,"F5 Networks, Inc."
FGEN,"FibroGen, Inc"
FGNA,FG New America Acquisition Corp.
FGNA.U,FG New America Acquisition Corp. Units
FHB,"First Hawaiian, Inc."
FHI,"Federated Hermes, Inc."
FHN,First Horizon National Corporation
FIII,Forum Merger III Corporation
FINMU,Marlin Technology Corporation - Unit
FIS,"Fidelity National Information Services, Inc."
FISV,"Fiserv, Inc."
FITB,Fifth Third Bancorp
FIVE,"Five Below, Inc."
FIVN,"Five9, Inc."
FIXX,"Homology Medicines, Inc."
FIZZ,National Beverage Corp.
FL,"Foot Locker, Inc."
FLEX,Flextronics International Ltd.
FLGT,"Fulgent Genetics, Inc."
FLO,"Flowers Foods, Inc."
FLR,Fluor Corporation
FLS,Flowserve Corporation
FLT,"FleetCor Technologies, Inc."
FLUX,"Flux Power Holdings, Inc."
FLWS,"1-800 FLOWERS.COM, Inc."
FLXN,"Flexion Therapeutics, Inc."
FLY,Fly Leasing Limited
FMAC,FirstMark Horizon Acquisition Corp.
FMAC.U,"FirstMark Horizon Acquisition Corp. Units, each consisting of one share of Class A common stock and one-third of one redeemable warrant"
FMBI,"First Midwest Bancorp, Inc."
FMC,FMC Corporation
FMS,Fresenius Medical Care AG
FMTX,"Forma Therapeutics Holdings, Inc."
FMX,Fomento Economico Mexicano S.A.B. de C.V.
FNB,F.N.B. Corporation
FND,"Floor & Decor Holdings, Inc."
FNF,"Fidelity National Financial, Inc."
FNKO,"Funko, Inc."
FNV,Franco-Nevada Corporation
FOCS,Focus Financial Partners Inc.
FOE,Ferro Corporation
FOLD,"Amicus Therapeutics, Inc."
FOREU,"Foresight Acquisition Corp. - Unit, consisting of one share of Class A Common Stock and one-third of one redeemable warrant"
FORM,"FormFactor, Inc."
FOSL,"Fossil Group, Inc."
FOUR,"Shift4 Payments, Inc."
FPAC,Far Peak Acquisition Corporation
FPI,Farmland Partners Inc.
FPRX,"Five Prime Therapeutics, Inc."
FR,"First Industrial Realty Trust, Inc."
FRC,FIRST REPUBLIC BANK
FREE,"Whole Earth Brands, Inc."
FREQ,"Frequency Therapeutics, Inc."
FRHC,Freedom Holding Corp.
FROG,JFrog Ltd.
FRONU,Frontier Acquisition Corp. - Units
FRPT,"Freshpet, Inc."
FRSGU,First Reserve Sustainable Growth Corp. - Unit
FRT,Federal Realty Investment Trust
FRTA,"Forterra, Inc."
FRWAU,PWP Forward Acquisition Corp. I - Units
FRX,Forest Road Acquisition Corp.
FSK,FS KKR Capital Corp.
FSKR,FS KKR Capital Corp. II
FSLR,"First Solar, Inc."
FSLY,"Fastly, Inc."
FSR,Fisker Inc.
FSRV,FinServ Acquisition Corp.
FST,FAST Acquisition Corp.
FTAAU,FTAC Athena Acquisition Corp
FTAI,Fortress Transportation and Infrastructure Investors LLC
FTCH,Farfetch Limited
FTDR,"frontdoor, inc."
FTIV,FinTech Acquisition Corp. IV
FTNT,"Fortinet, Inc."
FTOC,FTAC Olympus Acquisition Corp. / Payonneer
FTOCU,FTAC Olympus Acquisition Corp. - Unit
FTS,Fortis Inc.
FTV,Fortive Corporation
FUBO,fuboTV Inc.
FUL,H. B. Fuller Company
FULT,Fulton Financial Corporation
FUN,"Cedar Fair, L.P."
FUSE,Fusion Acquisition Corp.
FUTU,Futu Holdings Limited
FUV,"Arcimoto, Inc."
FVRR,Fiverr International Ltd.
FWAA,Fifth Wall Acquisition Corp. I
FWONK,Liberty Media Corporation - Series C
G,Genpact Limited
GAN,GAN Limited
GATO,"Gatos Silver, Inc."
GBCI,"Glacier Bancorp, Inc."
GBDC,"Golub Capital BDC, Inc."
GBIO,Generation Bio Co.
GBOX,Greenbox POS
GBT,"Global Blood Therapeutics, Inc."
GBX,"Greenbrier Companies, Inc. (The)"
GCMG,GCM Grosvenor Inc.
GD,General Dynamics Corporation
GDDY,GoDaddy Inc.
GDOT,Green Dot Corporation
GDRX,"GoodRx Holdings, Inc."
GDS,GDS Holdings Limited - ADS
GE,General Electric Company
GES,"Guess?, Inc."
GFL,GFL Environmental Inc.
GGG,Graco Inc.
GH,"Guardant Health, Inc."
GHVI,"Gores Holdings VI, Inc."
GHVIU,"Gores Holdings VI, Inc. - Unit"
GIGGU,"GigCapital4, Inc."
GIII,"G-III Apparel Group, LTD."
GIIXU,"Gores Holdings VIII, Inc"
GIK,"GigCapital3, Inc."
GIL,"Gildan Activewear, Inc."
GILD,"Gilead Sciences, Inc."
GIS,"General Mills, Inc."
GIX,"GigCapital2, Inc."
GKOS,Glaukos Corporation
GL,Globe Life Inc.
GLDD,Great Lakes Dredge & Dock Corporation
GLNG,Golar LNG Limited
GLPG,Galapagos NV
GLPI,"Gaming and Leisure Properties, Inc."
GLSI,"Greenwich LifeSciences, Inc."
GLW,Corning Incorporated
GM,General Motors Company
GMAB,Genmab A/S
GMBL,Esports Entertainment Group Inc.
GMBTU,Queen's Gambit Growth Capital - Unit
GME,Gamestop Corporation
GMED,"Globus Medical, Inc."
GMIIU,"Gores Metropoulos II, Inc. - Unit"
GMRE,Global Medical REIT Inc.
GMS,GMS Inc.
GNK,Genco Shipping & Trading Limited
GNL,"Global Net Lease, Inc."
GNMK,"GenMark Diagnostics, Inc."
GNOG,"Golden Nugget Online Gaming, Inc."
GNRC,Generac Holdlings Inc.
GNRS,Greenrose Acquisition Corp.
GNTX,Gentex Corporation
GO,Grocery Outlet Holding Corp.
GOAC,GO Acquisition Corp. Class A
GOCO,"GoHealth, Inc."
GOEV,Canoo Inc.
GOGO,Gogo Inc.
GOLD,Barrick Gold Corporation
GOOG,Alphabet Inc. - Class C
GOOGL,Alphabet Inc. - Class A
GOOS,Canada Goose Holdings Inc.
GOSS,"Gossamer Bio, Inc."
GP,GreenPower Motor Company Inc.
GPC,Genuine Parts Company
GPK,Graphic Packaging Holding Company
GPMT,Granite Point Mortgage Trust Inc.
GPN,Global Payments Inc.
GPRE,"Green Plains Renewable Energy, Inc."
GPS,"Gap, Inc. (The)"
GRA,W.R. Grace & Co.
GRBK,"Green Brick Partners, Inc."
GRFS,"Grifols, S.A."
GRMN,Garmin Ltd.
GRPN,"Groupon, Inc."
GRSV,"Gores Holdings V, Inc."
GRTS,"Gritstone Oncology, Inc."
GRUB,GrubHub Inc.
GRWG,GrowGeneration Corp.
GS,"Goldman Sachs Group, Inc. (The)"
GSAH,GS Acquisition Holdings Corp II
GSBD,"Goldman Sachs BDC, Inc."
GSEVU,"Gores Holdings VII, Inc"
GSK,GlaxoSmithKline PLC
GSL,Global Ship Lease Inc
GSX,GSX Techedu Inc.
GT,The Goodyear Tire & Rubber Company
GTEC,Greenland Technologies Holding Corporation
GTES,Gates Industrial Corporation plc
GTH,Genetron Holdings Limited
GTHX,"G1 Therapeutics, Inc."
GTLS,"Chart Industries, Inc."
GTN,"Gray Communications Systems, Inc."
GVA,Granite Construction Incorporated
GWAC,Good Works Acquisition Corp.
GWB,"Great Western Bancorp, Inc."
GWRE,"Guidewire Software, Inc."
GWW,"W.W. Grainger, Inc."
GXGX,GX Acquisiton Corp.
H,Hyatt Hotels Corporation
HA,"Hawaiian Holdings, Inc."
HAAC,Health Assurance Acquisition Corp.
HAACU,Health Assurance Acquisition Corp. - SAIL Securities
HAE,Haemonetics Corporation
HAIN,"The Hain Celestial Group, Inc."
HAL,Halliburton Company
HALO,"Halozyme Therapeutics, Inc."
HARP,"Harpoon Therapeutics, Inc."
HAS,"Hasbro, Inc."
HASI,"Hannon Armstrong Sustainable Infrastructure Capital, Inc."
HBAN,Huntington Bancshares Incorporated
HBI,Hanesbrands Inc.
HCA,"HCA Holdings, Inc."
HCAT,"Health Catalyst, Inc."
HCC,"Warrior Met Coal, Inc."
HCICU,Hennessy Capital Investment Corp. V Units - Unit
HCM,Hutchison China MediTech Limited
HCSG,"Healthcare Services Group, Inc."
HD,"Home Depot, Inc. (The)"
HDB,HDFC Bank Limited
HE,"Hawaiian Electric Industries, Inc."
HEAR,Turtle Beach Corporation
HEC,Hudson Executive Investment Corp.
HEI,Heico Corporation
HEP,"Holly Energy Partners, L.P."
HERAU,"FTAC Hera Acquisition Corp. - Units, each consisting of one share of Class A common stock and one fourth of one warrant"
HES,Hess Corporation
HFC,HollyFrontier Corporation
HGEN,"Humanigen, Inc."
HGV,Hilton Grand Vacations Inc.
HHC,Howard Hughes Corporation (The)
HHLA.U,"HH&L Acquisition Co. Units, each consisting of one Class A ordinary share and one-half of one redeemable warrant"
HI,Hillenbrand Inc
HIBB,"Hibbett Sports, Inc."
HIG,"Hartford Financial Services Group, Inc. (The)"
HII,"Huntington Ingalls Industries, Inc."
HIIIU,Hudson Executive Investment Corp. III
HIMS,"Hims & Hers Health, Inc."
HIMX,"Himax Technologies, Inc."
HIW,"Highwoods Properties, Inc."
HLF,Herbalife Ltd.
HLI,"Houlihan Lokey, Inc."
HLT,Hilton Worldwide Holdings Inc.
HMC,"Honda Motor Company, Ltd."
HMPT,"Home Point Capital, Inc."
HNI,HNI Corporation
HOG,"Harley-Davidson, Inc."
HOL,Holicity Inc.
HOLX,"Hologic, Inc."
HOMB,"Home BancShares, Inc."
HOME,At Home Group Inc.
HON,Honeywell International Inc.
HOPE,"Hope Bancorp, Inc."
HP,"Helmerich & Payne, Inc."
HPE,Hewlett Packard Enterprise Company
HPP,"Hudson Pacific Properties, Inc."
HPQ,Hewlett-Packard Company
HQY,"HealthEquity, Inc."
HR,Healthcare Realty Trust Incorporated
HRB,"H&R Block, Inc."
HRC,Hill-Rom Holdings Inc
HRL,Hormel Foods Corporation
HRTX,"Heron Therapeutics, Inc.  "
HSBC,"HSBC Holdings, plc."
HSC,Harsco Corporation
HSIC,"Henry Schein, Inc."
HST,"Host Hotels & Resorts, Inc."
HSY,The Hershey Company
HT,Hersha Hospitality Trust
HTA,"Healthcare Trust of America, Inc."
HTBK,Heritage Commerce Corp
HTGC,"Hercules Technology Growth Capital, Inc."
HTH,Hilltop Holdings Inc.
HTHT,"China Lodging Group, Limited"
HTLD,"Heartland Express, Inc."
HTOO,Fusion Fuel Green PLC
HUBB,Hubbell Inc
HUBS,"HubSpot, Inc."
HUM,Humana Inc.
HUN,Huntsman Corporation
HUYA,HUYA Inc.
HWC,Hancock Whitney Corporation
HWM,Howmet Aerospace Inc.
HXL,Hexcel Corporation
HYACU,Haymaker Acquisition Corp III
HYFM,"Hydrofarm Holdings Group, Inc."
HYLN,Hyliion Holdings Corp.
HYRE,HyreCar Inc.
HZAC,Horizon Acquisition Corporation
HZNP,"Horizon Pharma, Inc."
HZO,"MarineMax, Inc."
HZON,Horizon Acquisition Corporation II
HZON.U,"Horizon Acquisition Corporation II Units, each consisting of one Class A ordinary share, and one-third of one redeemable warrant"
IAA,"IAA, Inc."
IAC,IAC/InterActiveCorp
IACA,ION Acquisition Corp 1 Ltd. / Taboola
IACA.U,"ION Acquisition Corp 1 Ltd. Units, each consisting of one Class A ordinary share and one-third of one redeemable warrant"
IART,Integra LifeSciences Holdings Corporation
IBKR,"Interactive Brokers Group, Inc."
IBM,International Business Machines Corporation
IBN,ICICI Bank Limited
IBRX,"ImmunityBio, Inc."
ICE,"IntercontinentalExchange, Inc."
ICHR,Ichor Holdings
ICLK,iClick Interactive Asia Group Limited
ICLR,ICON plc
ICPT,"Intercept Pharmaceuticals, Inc."
IDA,"IDACORP, Inc."
IDXX,"IDEXX Laboratories, Inc."
IEA,"Infrastructure and Energy Alternatives, Inc."
IEX,IDEX Corporation
IFF,"Internationa Flavors & Fragrances, Inc."
IGT,International Game Technology
IHRT,"iHeartMedia, Inc."
IIPR,"Innovative Industrial Properties, Inc."
IIVI,II-VI Incorporated
ILMN,"Illumina, Inc."
ILPT,Industrial Logistics Properties Trust
IMAB,I-Mab
IMAX,Imax Corporation
IMMR,Immersion Corporation
IMNM,"Immunome, Inc."
IMO,Imperial Oil Limited
IMPX,AEA-Bridges Impact Corp.
IMUX,"Immunic, Inc."
IMVT,"Immunovant, Inc."
INCY,Incyte Corporation
INFO,IHS Markit Ltd.
INFY,Infosys Limited
ING,"ING Group, N.V."
INGR,Ingredion Incorporated
INMB,INmune Bio Inc.
INMD,InMode Ltd.
INN,"Summit Hotel Properties, Inc."
INNV,InnovAge Holding Corp.
INO,"Inovio Pharmaceuticals, Inc."
INOV,"Inovalon Holdings, Inc."
INSG,Inseego Corp. 
INSM,"Insmed, Inc."
INT,World Fuel Services Corporation
INTC,Intel Corporation
INTU,Intuit Inc.
INVA,"Innoviva, Inc."
INVH,Invitation Homes Inc.
IONS,"Ionis Pharmaceuticals, Inc."
IOVA,"Iovance Biotherapeutics, Inc."
IP,International Paper Company
IPG,"Interpublic Group of Companies, Inc. (The)"
IPGP,IPG Photonics Corporation
IPHI,Inphi Corporation
IPI,"Intrepid Potash, Inc"
IPOD,Social Capital Hedosophia Holdings Corp. IV
IPOD.U,"Social Capital Hedosophia Holdings Corp. IV Units, each consisting of one Class A ordinary share and one-fourth of one redeemable warrant"
IPOE,Social Capital Hedosophia Holdings Corp. V / SoFi
IPOE.U,"Social Capital Hedosophia Holdings Corp. V Units, each consisting of one Class A ordinary share and one-fourth of one redeemable warrant"
IPOF,Social Capital Hedosophia Holdings Corp. VI
IPOF.U,"Social Capital Hedosophia Holdings Corp. VI Units, each consisting of one Class A ordinary share and one-fourth of one redeemable warrant"
IPV,InterPrivate Acquisition Corp.
IPVIU,InterPrivate IV InfraTech Partners Inc. - Units
IPWR,Ideal Power Inc.
IQ,"iQIYI, Inc."
IQV,"IQVIA Holdings, Inc."
IR,Ingersoll-Rand plc (Ireland)
IRBT,iRobot Corporation
IRDM,Iridium Communications Inc
IRM,Iron Mountain Incorporated
IRT,"Independence Realty Trust, Inc."
IRTC,"iRhythm Technologies, Inc. "
IRWD,"Ironwood Pharmaceuticals, Inc."
ISBC,"Investors Bancorp, Inc."
ISLEU,Isleworth Healthcare Acquisition Corp
ISRG,"Intuitive Surgical, Inc."
ISUN,"iSun, Inc."
IT,"Gartner, Inc."
ITCI,Intra-Cellular Therapies Inc.
ITRI,"Itron, Inc."
ITT,ITT Corporation
ITW,Illinois Tool Works Inc.
IVAN.U,"Ivanhoe Capital Acquisition Corp. Unit, each consisting of one Class A ordinary share and one-third of one redeemable warrant"
IVZ,Invesco Plc
J,Jacobs Engineering Group Inc.
JACK,Jack In The Box Inc.
JAMF,Jamf Holding Corp.
JAZZ,Jazz Pharmaceuticals plc
JBGS,JBG SMITH Properties
JBHT,"J.B. Hunt Transport Services, Inc."
JBL,"Jabil Circuit, Inc."
JBLU,JetBlue Airways Corporation
JCI,"Johnson Controls, Inc."
JCOM,"j2 Global, Inc."
JD,"JD.com, Inc."
JEF,Jefferies Financial Group Inc.
JELD,"JELD-WEN Holding, Inc."
JHG,Janus Henderson Group plc
JIH,"Juniper Industrial Holdings, Inc."
JKHY,"Jack Henry & Associates, Inc."
JKS,JinkoSolar Holding Company Limited
JLL,Jones Lang LaSalle Incorporated
JMIA,Jumia Technologies AG
JNCE,"Jounce Therapeutics, Inc."
JNJ,Johnson & Johnson
JNPR,"Juniper Networks, Inc."
JOE,St. Joe Company (The)
JOFFU,JOFF Fintech Acquisition Corp. - Unit
JPM,JP Morgan Chase & Co.
JW.A,"John Wiley & Sons, Inc."
JWN,"Nordstrom, Inc."
JWS,Jaws Acquisition Corp.
JWSM.U,"Jaws Mustang Acquisition Corp. Units, each consisting of one Class A ordinary share, and one-fourth of one redeemable warrant"
JWS.U,"Jaws Acquisition Corp. Units, each consisting of one Class A ordinary share and one-third of one redeemable warrant"
K,Kellogg Company
KAIIU,Kismet Acquisition Two Corp.
KALV,"KalVista Pharmaceuticals, Inc."
KAR,"KAR Auction Services, Inc"
KBAL,"Kimball International, Inc. - Class B"
KBH,KB Home
KBR,"KBR, Inc."
KC,Kingsoft Cloud Holdings Limited
KDP,Keurig Dr Pepper Inc.
KEX,Kirby Corporation
KEY,KeyCorp
KEYS,Keysight Technologies Inc.
KFY,Korn/Ferry International
KHC,The Kraft Heinz Company
KIIIU,Kismet Acquisition Three Corp.
KIM,Kimco Realty Corporation
KIRK,"Kirkland's, Inc."
KKR,KKR & Co. L.P.
KL,Kirkland Lake Gold Ltd.
KLAC,KLA-Tencor Corporation
KLAQU,KL Acquisition Corp - Unit
KLDO,"Kaleido Biosciences, Inc."
KLIC,"Kulicke and Soffa Industries, Inc."
KLR,"Kaleyra, Inc."
KMB,Kimberly-Clark Corporation
KMI,"Kinder Morgan, Inc."
KMT,Kennametal Inc.
KMX,CarMax Inc
KN,Knowles Corporation
KNL,"Knoll, Inc."
KNSA,"Kiniksa Pharmaceuticals, Ltd."
KNX,"Knight Transportation, Inc."
KO,Coca-Cola Company (The)
KOD,Kodiak Sciences Inc
KOPN,Kopin Corporation
KOSS,Koss Corporation
KPTI,Karyopharm Therapeutics Inc.
KR,Kroger Company (The)
KRA,"Kraton Performance Polymers, Inc"
KRC,Kilroy Realty Corporation
KREF,KKR Real Estate Finance Trust Inc.
KRG,Kite Realty Group Trust
KRNT,Kornit Digital Ltd.
KRNY,Kearny Financial
KSS,Kohl's Corporation
KSU,Kansas City Southern
KT,KT Corporation
KTB,"Kontoor Brands, Inc."
KTOS,"Kratos Defense & Security Solutions, Inc."
KURA,"Kura Oncology, Inc."
KVSA,Khosla Ventures Acquisition Co.
KW,Kennedy-Wilson Holdings Inc.
KWAC.U,"Kingswood Acquisition Corp. Units, each consisting of one share of Class A Common Stock and three-fourths of one redeemable warrant"
L,Loews Corporation
LABP,"Landos Biopharma, Inc."
LAC,Lithium Americas Corp.
LAD,"Lithia Motors, Inc."
LADR,Ladder Capital Corp
LAKE,"Lakeland Industries, Inc."
LAMR,Lamar Advertising Company
LAND,Gladstone Land Corporation
LASR,"nLIGHT, Inc."
LAUR,"Laureate Education, Inc."
LAZ,Lazard LTD.
LAZR,"Luminar Technologies, Inc."
LB,"L Brands, Inc."
LBRDK,Liberty Broadband Corporation - Class C
LBRT,Liberty Oilfield Services Inc.
LBTYA,Liberty Global plc - Class A
LBTYK,Liberty Global plc - Class C
LC,LendingClub Corporation
LCAAU,L Catterton Asia Acquisition Corp - Units
LCY,"Landcadia Holdings III, Inc."
LDI,"loanDepot, Inc."
LDOS,"Leidos Holdings, Inc."
LEA,Lear Corporation
LEAP,"Ribbit LEAP, Ltd."
LEG,"Leggett & Platt, Incorporated"
LEGN,Legend Biotech Corporation
LEGOU,Legato Merger Corp. - Units
LEN,Lennar Corporation
LESL,"Leslie's, Inc."
LEVI,Levi Strauss & Co.
LFC,China Life Insurance Company
LFMD,"LifeMD, Inc."
LFTR,Lefteris Acquisition Corp.
LGACU,Lazard Growth Acquisition Corp. I
LGF.A,Lions Gate Entertainment Corporation Class A
LGF.B,Lions Gate Entertainment Corporation Class B Non-Voting Shares
LGIH,"LGI Homes, Inc."
LGND,Ligand Pharmaceuticals Incorporated
LGVW.U,"Longview Acquisition Corp. Units, each consisting of one share of Class A common stock, and one-third of one warrant"
LH,Laboratory Corporation of America Holdings
LHC.U,"Leo Holdings Corp. II Units, each consisting of one Class A ordinary share and one-third of one redeemable warrant"
LHDX,"Lucira Health, Inc."
LHX,"L3Harris Technologies, Inc."
LI,Li Auto Inc.
LII,"Lennox International, Inc."
LILA,Liberty Global plc - Class A
LILAK,Liberty Global plc - Class C
LIN,Linde PLC
LIND,Lindblad Expeditions Holdings Inc.
LITE,Lumentum Holdings Inc.
LIVN,LivaNova PLC
LIZI,"Lizhi, Inc."
LKQ,LKQ Corporation
LL,"Lumber Liquidators Holdings, Inc"
LLY,Eli Lilly and Company
LMACU,Liberty Media Acquisition Corporation - Unit
LMND,"Lemonade, Inc."
LMNX,Luminex Corporation
LMT,Lockheed Martin Corporation
LNC,Lincoln National Corporation
LNG,"Cheniere Energy, Inc."
LNT,Alliant Energy Corporation
LNTH,"Lantheus Holdings, Inc."
LOB,"Live Oak Bancshares, Inc."
LOGI,Logitech International S.A.
LOPE,"Grand Canyon Education, Inc."
LOVE,The Lovesac Company
LOW,"Lowe's Companies, Inc."
LPG,Dorian LPG Ltd.
LPI,"Laredo Petroleum Holdings, Inc."
LPLA,LPL Financial Holdings Inc.
LPRO,Open Lending Corp.
LPSN,"LivePerson, Inc."
LPX,Louisiana-Pacific Corporation
LQDT,"Liquidity Services, Inc."
LRCX,Lam Research Corporation
LRN,K12 Inc
LSCC,Lattice Semiconductor Corporation
LSI,"Life Storage, Inc."
LSPD,Lightspeed POS Inc.
LSTR,"Landstar System, Inc."
LSXMA,Liberty Media Corporation - Series A Liberty SiriusXM
LSXMK,Liberty Media Corporation - Series C Liberty SiriusXM
LTHM,Livent Corporation
LU,Lufax Holding Ltd
LULU,lululemon athletica inc.
LUMN,Lumen
LUV,Southwest Airlines Company
LUXA,Lux Health Tech Acquisition Corp.
LVS,Las Vegas Sands Corp.
LW,"Lamb Weston Holdings, Inc."
LX,LexinFintech Holdings Ltd.
LXP,Lexington Realty Trust
LYB,LyondellBasell Industries NV
LYFT,"Lyft, Inc."
LYV,"Live Nation Entertainment, Inc."
LZB,La-Z-Boy Incorporated
M,Macy's Inc
MA,Mastercard Incorporated
MAA,"Mid-America Apartment Communities, Inc."
MAC,Macerich Company (The)
MACQU,MCAP Acquisition Corp
MAG,Mag Silver Corporation
MAIN,Main Street Capital Corporation
MAN,ManpowerGroup
MANH,"Manhattan Associates, Inc."
MAR,Marriot International
MARA,"Marathon Patent Group, Inc."
MAS,Masco Corporation
MASI,Masimo Corporation
MASS,908 Devices Inc.
MAT,"Mattel, Inc."
MAXN,"Maxeon Solar Technologies, Ltd."
MAXR,Maxar Technologies Ltd.
MBI,MBIA Inc.
MC,Moelis & Company
MCD,McDonald's Corporation
MCFE,McAfee Corp.
MCHP,Microchip Technology Incorporated
MCK,McKesson Corporation
MCO,Moody's Corporation
MCRB,"Seres Therapeutics, Inc."
MCS,Marcus Corporation (The)
MD,"Mednax, Inc."
MDB,"MongoDB, Inc."
MDC,"M.D.C. Holdings, Inc."
MDLA,"Medallia, Inc."
MDLZ,"Mondelez International, Inc."
MDP,Meredith Corporation
MDRX,"Allscripts Healthcare Solutions, Inc."
MDT,Medtronic Inc.
MDU,"MDU Resources Group, Inc."
MELI,"MercadoLibre, Inc."
MEOH,Methanex Corporation
MERC,Mercer International Inc.
MESA,"Mesa Air Group, Inc."
MET,"MetLife, Inc."
MFC,Manulife Financial Corporation
MGA,"Magna International, Inc."
MGM,MGM Resorts International
MGNI,"Magnite, Inc."
MGNX,"MacroGenics, Inc."
MGP,MGM Growth Properties LLC
MGTA,"Magenta Therapeutics, Inc."
MGY,Magnolia Oil & Gas Corporation
MHK,"Mohawk Industries, Inc."
MHO,"M/I Homes, Inc."
MIC,Macquarie Infrastructure Company LLC
MIDD,The Middleby Corporation
MILE,"Metromile, Inc."
MIME,Mimecast Limited
MITK,"Mitek Systems, Inc."
MIT.U,"Mason Industrial Technology, Inc. Units, each consisting of one share of Class A common stock and one-third of one redeemable warrant to purchase one share of Class A common stock"
MKC,"McCormick & Company, Incorporated"
MKSI,"MKS Instruments, Inc."
MKTX,"MarketAxess Holdings, Inc."
MLCO,Melco Resorts & Entertainment Limited
MLHR,"Herman Miller, Inc."
MLM,"Martin Marietta Materials, Inc."
MMC,"Marsh & McLennan Companies, Inc."
MMM,3M Company
MMP,Magellan Midstream Partners L.P. Limited Partnership
MMS,"Maximus, Inc."
MMSI,"Merit Medical Systems, Inc."
MMYT,MakeMyTrip Limited
MNR,Monmouth Real Estate Investment Corporation
MNRL,"Brigham Minerals, Inc."
MNRO,"Monro Muffler Brake, Inc."
MNSO,MINISO Group Holding Limited
MNST,Monster Beverage Corporation
MO,"Altria Group, Inc."
MOD,Modine Manufacturing Company
MODN,"Model N, Inc."
MOH,Molina Healthcare Inc
MOMO,Momo Inc.
MORF,"Morphic Holding, Inc. "
MOS,Mosaic Company (The)
MOTV,Motive Capital Corp
MP,MP Materials Corp.
MPC,Marathon Petroleum Corporation
MPLX,MPLX LP
MPW,"Medical Properties Trust, Inc."
MPWR,"Monolithic Power Systems, Inc."
MRCY,Mercury Systems Inc
MRK,"Merck & Company, Inc."
MRNA,"Moderna, Inc."
MRNS,"Marinus Pharmaceuticals, Inc."
MRO,Marathon Oil Corporation
MRSN,"Mersana Therapeutics, Inc."
MRTN,"Marten Transport, Ltd."
MRTX,"Mirati Therapeutics, Inc."
MRVI,"Maravai LifeSciences Holdings, Inc."
MRVL,Marvell Technology Group Ltd.
MS,Morgan Stanley
MSCI,MSCI Inc
MSFT,Microsoft Corporation
MSGN,The Madison Square Garden Company
MSI,"Motorola Solutions, Inc."
MSM,"MSC Industrial Direct Company, Inc."
MSP,Datto Holding Corp.
MSTR,MicroStrategy Incorporated
MT,Arcelor Mittal
MTB,M&T Bank Corporation
MTCH,"Match Group, Inc."
MTDR,Matador Resources Company
MTEM,"Molecular Templates, Inc."
MTG,MGIC Investment Corporation
MTH,Meritage Homes Corporation
MTLS,Materialise NV
MTN,"Vail Resorts, Inc."
MTOR,"Meritor, Inc."
MTSI,"M/A-COM Technology Solutions Holdings, Inc."
MTW,"Manitowoc Company, Inc. (The)"
MTZ,"MasTec, Inc."
MU,"Micron Technology, Inc."
MUR,Murphy Oil Corporation
MUSA,Murphy USA Inc.
MVIS,"Microvision, Inc."
MWA,Mueller Water Products
MWK,"Mohawk Group Holdings, Inc."
MX,MagnaChip Semiconductor Corporation
MXIM,"Maxim Integrated Products, Inc."
MXL,"MaxLinear, Inc"
MYGN,"Myriad Genetics, Inc."
MYOV,Myovant Sciences Ltd.
MYTE,MYT Netherlands Parent B.V.
NARI,"Inari Medical, Inc."
NATI,National Instruments Corporation
NAVI,Navient Corporation
NBAC,Newborn Acquisition Corp.
NBIX,"Neurocrine Biosciences, Inc."
NBLX,Noble Midstream Partners LP
NBR,Nabors Industries Ltd.
NCLH,Norwegian Cruise Line Holdings Ltd.
NCNO,"nCino, Inc."
NCR,NCR Corporation
NCTY,The9 Limited
NDACU,NightDragon Acquisition Corp
NDAQ,"The NASDAQ OMX Group, Inc."
NDLS,Noodles & Company
NDSN,Nordson Corporation
NEBC,Nebula Caravel Acquisition Corp.
NEBCU,Nebula Caravel Acquisition Corp. - Unit
NEE,"NextEra Energy, Inc."
NEM,Newmont Mining Corporation
NEO,"NeoGenomics, Inc."
NEP,"NextEra Energy Partners, LP"
NESR,National Energy Services Reunited Corp.
NET,"Cloudflare, Inc."
NETE,"Net Element International, Inc."
NEWR,"New Relic, Inc."
NFE,New Fortress Energy LLC
NFG,National Fuel Gas Company
NFH,New Frontier Health Corporation
NFLX,"Netflix, Inc."
NGA,Northern Genesis Acquisition Corp.
NGAB.U,"Northern Genesis Acquisition Corp. II Units, each consisting of one share of common stock and one-third of one redeemable warrant"
NGAC,NextGen Acquisition Corporation
NGA.U,"Northern Genesis Acquisition Corp. Units, each consisting of one share of common stock and one-half of one redeemable warrant"
NGG,"National Grid Transco, PLC"
NGM,"NGM Biopharmaceuticals, Inc."
NHI,"National Health Investors, Inc."
NHIC,NewHold Investment Corp.
NI,NiSource Inc
NICE,NICE-Systems Limited
NIO,NIO Inc.
NIU,Niu Technologies
NJR,NewJersey Resources Corporation
NK,"NantKwest, Inc."
NKE,"Nike, Inc."
NKLA,Nikola Corporation
NKTR,Nektar Therapeutics
NLOK,NortonLifeLock Inc.
NLS,"Nautilus, Inc."
NLSN,Nielsen Holdings N.V.
NLTX,"Neoleukin Therapeutics, Inc."
NMFC,New Mountain Finance Corporation
NMIH,NMI Holdings Inc
NMM,Navios Maritime Partners LP
NMRK,"Newmark Group, Inc."
NNDM,Nano Dimension Ltd.
NNN,National Retail Properties
NNOX,Nano-X Imaging Ltd.
NOAH,Noah Holdings Limited
NOC,Northrop Grumman Corporation
NOG,"Northern Oil and Gas, Inc."
NOMD,Nomad Foods
NOV,"National Oilwell Varco, Inc."
NOVA,Sunnova Energy International Inc.
NOW,"ServiceNow, Inc."
NPA,New Providence Acquisition Corp.
NPTN,NeoPhotonics Corporation
NRG,"NRG Energy, Inc."
NRIX,"Nurix Therapeutics, Inc."
NRZ,New Residential Investment Corp.
NS,Nustar Energy L.P. 
NSA,National Storage Affiliates Trust
NSC,Norfolk Southern Corporation
NSH,"NavSight Holdings, Inc."
NSTB,Northern Star Investment Corp. II
NSTB.U,"Northern Star Investment Corp. II Units, each consisting of one share of Class A common stock and one-fifth of one redeemable warrant"
NSTG,"NanoString Technologies, Inc."
NTAP,"NetApp, Inc."
NTCO,Natura &Co Holding S.A.
NTCT,"NetScout Systems, Inc."
NTES,"NetEase, Inc."
NTGR,"NETGEAR, Inc."
NTLA,"Intellia Therapeutics, Inc."
NTNX,"Nutanix, Inc. "
NTR,Nutrien Ltd.
NTRA,"Natera, Inc."
NTRS,Northern Trust Corporation
NUAN,"Nuance Communications, Inc."
NUE,Nucor Corporation
NUS,"Nu Skin Enterprises, Inc."
NUVA,"NuVasive, Inc."
NUVB,Nuvation Bio Inc.
NVAX,"Novavax, Inc."
NVCR,NovoCure Limited
NVDA,NVIDIA Corporation
NVO,Novo Nordisk A/S
NVRO,Nevro Corp.
NVS,Novartis AG
NVSAU,New Vista Acquisition Corp
NVST,Envista Holdings Corporation
NVT,nVent Electric plc
NVTA,Invitae Corporation
NWBI,"Northwest Bancshares, Inc."
NWE,NorthWestern Corporation
NWL,Newell Rubbermaid Inc.
NWN,Northwest Natural Gas Company
NWS,News Corporation - Class B
NWSA,News Corporation - Class A
NXGN,"NextGen Healthcare, Inc."
NXST,"Nexstar Broadcasting Group, Inc."
NYCB,"New York Community Bancorp, Inc."
NYT,New York Times Company (The)
O,Realty Income Corporation
OC,Owens Corning Inc
OCDX,Ortho Clinical Diagnostics plc
OCFC,OceanFirst Financial Corp.
OCFT,"OneConnect Financial Technology Co., Ltd."
OCUL,"Ocular Therapeutix, Inc."
ODFL,"Old Dominion Freight Line, Inc."
ODP,"Office Depot, Inc."
ODT,"Odonate Therapeutics, Inc."
OEC,Orion Engineered Carbons S.A
OEPWU,One Equity Partners Open Water I Corp. - Unit
OFC,Corporate Office Properties Trust
OGE,OGE Energy Corporation
OGS,"ONE Gas, Inc."
OHI,"Omega Healthcare Investors, Inc."
OHPAU,Orion Acquisition Corp
OI,"Owens-Illinois, Inc."
OII,"Oceaneering International, Inc."
OKE,"ONEOK, Inc."
OKTA,"Okta, Inc."
OLED,Universal Display Corporation
OLLI,"Ollie's Bargain Outlet Holdings, Inc."
OLN,Olin Corporation
OMC,Omnicom Group Inc.
OMCL,"Omnicell, Inc."
OMER,Omeros Corporation
OMF,"OneMain Holdings, Inc."
OMI,"Owens & Minor, Inc."
ON,ON Semiconductor Corporation
ONB,Old National Bancorp
ONDS,Ondas Holdings Inc.
ONEM,"1Life Healthcare, Inc."
ONTF,"ON24, Inc."
ONTO,Onto Innovation Inc.
ONVO,"Organovo Holdings, Inc."
OPCH,"Option Care Health, Inc."
OPEN,Opendoor Technologies Inc.
OPRA,Opera Limited
OPRX,OptimizeRx Corporation
OR,Osisko Gold Royalties Ltd
ORA,"Ormat Technologies, Inc."
ORAN,Orange
ORCC,Owl Rock Capital Corporation
ORCL,Oracle Corporation
ORGO,Organogenesis Holdings Inc.
ORI,Old Republic International Corporation
ORLY,"O'Reilly Automotive, Inc."
OSCR,Oscar Health Inc
OSH,"Oak Street Health, Inc."
OSK,Oshkosh Corporation
OSPN,OneSpan Inc.
OSTK,"Overstock.com, Inc."
OSTRU,Oyster Enterprises Acquisition Corp. - Unit
OSUR,"OraSure Technologies, Inc."
OSW,OneSpaWorld Holdings Limited
OTEX,Open Text Corporation
OTIS,Otis Worldwide Corporation
OTRK,"Ontrak, Inc."
OUT,OUTFRONT Media Inc.
OVV,Ovintiv Inc. (DE)
OXY,Occidental Petroleum Corporation
OZK,Bank OZK
OZON,Ozon Holdings PLC
PAAS,Pan American Silver Corp.
PACE,TPG Pace Tech Opportunities Corp.
PACK,Ranpak Holdings Corp
PACW,PacWest Bancorp
PAG,"Penske Automotive Group, Inc."
PAGS,PagSeguro Digital Ltd.
PANW,"Palo Alto Networks, Inc."
PARR,Par Petroleum Corporation. 
PASG,"Passage Bio, Inc."
PAX,Patria Investments Limited
PAYA,Paya Holdings Inc.
PAYC,"Paycom Software, Inc."
PAYX,"Paychex, Inc."
PB,"Prosperity Bancshares, Inc."
PBA,Pembina Pipeline Corp.
PBCT,"People's United Financial, Inc."
PBF,PBF Energy Inc.
PBFX,PBF Logistics LP
PBH,"Prestige Brand Holdings, Inc."
PBYI,Puma Biotechnology Inc
PCAR,PACCAR Inc.
PCG,Pacific Gas & Electric Co.
PCH,Potlatch Corporation
PCRX,"Pacira Pharmaceuticals, Inc."
PCTY,Paylocity Holding Corporation
PCVX,"Vaxcyte, Inc."
PD,"PagerDuty, Inc."
PDAC,Peridot Acquisition Corp.
PDCE,"PDC Energy, Inc."
PDCO,"Patterson Companies, Inc."
PDD,Pinduoduo Inc.
PDM,"Piedmont Office Realty Trust, Inc."
PE,"Parsley Energy, Inc."
PEAK,"Healthpeak Properties, Inc."
PEB,Pebblebrook Hotel Trust
PEG,Public Service Enterprise Group Incorporated
PEGA,Pegasystems Inc.
PEN,"Penumbra, Inc."
PENN,"Penn National Gaming, Inc."
PEP,"Pepsico, Inc."
PERI,Perion Network Ltd
PETQ,"PetIQ, Inc."
PETS,"PetMed Express, Inc."
PFDRU,Pathfinder Acquisition Corporation
PFE,"Pfizer, Inc."
PFG,Principal Financial Group Inc
PFGC,Performance Food Group Company
PFPT,"Proofpoint, Inc."
PFS,"Provident Financial Services, Inc"
PFSI,"PennyMac Financial Services, Inc."
PG,Procter & Gamble Company (The)
PGNY,"Progyny, Inc."
PGR,Progressive Corporation (The)
PGRE,"Paramount Group, Inc."
PH,Parker-Hannifin Corporation
PHG,Koninklijke Philips N.V.
PHM,"PulteGroup, Inc."
PHR,"Phreesia, Inc."
PI,"Impinj, Inc."
PICC.U,"Pivotal Investment Corporation III Units, each consisting of one share of Class A common stock and one-fifth of one redeemable warrant"
PII,Polaris Industries Inc.
PINC,"Premier, Inc."
PING,Ping Identity Holding Corp.
PINS,"Pinterest, Inc."
PIPP,Pine Island Acquisition Corp.
PIPP.U,"Pine Island Acquisition Corp. Units, each consisting of one share of Class A common stock and one-third of one redeemable warrant"
PK,Park Hotels & Resorts Inc.
PKG,Packaging Corporation of America
PKI,"PerkinElmer, Inc."
PLAB,"Photronics, Inc."
PLAN,"Anaplan, Inc."
PLAY,"Dave & Buster's Entertainment, Inc."
PLBY,"PLBY Group, Inc. (Playboy)"
PLCE,"The Children's Place Retail Stores, Inc."
PLD,"ProLogis, Inc."
PLL,Piedmont Lithium Limited
PLNT,"Planet Fitness, Inc."
PLT,"Plantronics, Inc."
PLTK,Playtika Holding Corp.
PLTR,Palantir Technologies Inc.
PLUG,"Plug Power, Inc."
PM,Philip Morris International Inc
PMT,PennyMac Mortgage Investment Trust
PNC,"PNC Financial Services Group, Inc. (The)"
PNFP,"Pinnacle Financial Partners, Inc."
PNR,"Pentair, Ltd."
PNTM.U,"Pontem Corporation Units, each consisting of one Class A ordinary share, and one-third of one redeemable warrant"
PNW,Pinnacle West Capital Corporation
PODD,Insulet Corporation
POLA,"Polar Power, Inc."
POOL,Pool Corporation
POR,Portland General Electric Co
POSH,"Poshmark, Inc."
POST,"Post Holdings, Inc."
POWI,"Power Integrations, Inc."
PPBI,Pacific Premier Bancorp Inc
PPC,Pilgrim's Pride Corporation
PPD,"PPD, Inc."
PPG,"PPG Industries, Inc."
PPGHU,Poema Global Holdings Corp. - Unit
PPL,PPL Corporation
PRAA,"Portfolio Recovery Associates, Inc."
PRAH,"PRA Health Sciences, Inc."
PRCH,"Porch Group, Inc."
PRDO,Perdoceo Education Corporation
PRFT,"Perficient, Inc."
PRG,"PROG Holdings, Inc."
PRGO,Perrigo Company
PRGS,Progress Software Corporation
PRIM,Primoris Services Corporation
PRLB,"Proto Labs, Inc."
PRMW,Primo Water Corporation
PRO,"PROS Holdings, Inc."
PRPB,CC Neuberger Principal Holdings II
PRPC.U,"CC Neuberger Principal Holdings III Units, each consisting of one Class A ordinary share, and one-fifth of one redeemable warrant"
PRPL,"Purple Innovation, Inc."
PRSRU,Prospector Capital Corp. - Unit
PRTA,Prothena Corporation plc
PRTS,"U.S. Auto Parts Network, Inc."
PRU,"Prudential Financial, Inc."
PRVB,"Provention Bio, Inc."
PSA,Public Storage
PSAC,Property Solutions Acquisition Corp.
PSAGU,Property Solutions Acquisition Corporation II - Units
PSN,Parsons Corporation
PSNL,"Personalis, Inc."
PSO,"Pearson, Plc"
PSTG,"Pure Storage, Inc."
PSTH,"Pershing Square Tontine Holdings, Ltd."
PSX,Phillips 66
PSXP,Phillips 66 Partners LP
PTC,PTC Inc.
PTCT,"PTC Therapeutics, Inc."
PTGX,"Protagonist Therapeutics, Inc."
PTON,"Peloton Interactive, Inc."
PTVE,Pactiv Evergreen Inc.
PUBM,"PubMatic, Inc."
PUK,Prudential Public Limited Company
PUMP,ProPetro Holding Corp.
PVAC,Penn Virginia Corporation
PVG,"Pretium Resources, Inc."
PVH,PVH Corp.
PWR,"Quanta Services, Inc."
PXD,Pioneer Natural Resources Company
PYPL,"PayPal Holdings, Inc."
PZZA,"Papa John's International, Inc."
QCOM,QUALCOMM Incorporated
QDEL,Quidel Corporation
QELL,Qell Acquisition Corp.
QFIN,"360 Finance, Inc."
QGEN,Qiagen N.V.
QIWI,QIWI plc
QLYS,"Qualys, Inc."
QNST,"QuinStreet, Inc."
QRTEA,"Qurate Retail, Inc. - Series A"
QRVO,"Qorvo, Inc."
QS,QuantumScape Corporation
QSR,Restaurant Brands International Inc.
QTRX,Quanterix Corporation
QTS,"QTS Realty Trust, Inc."
QTWO,"Q2 Holdings, Inc."
QUOT,Quotient Technology Inc.
QURE,uniQure N.V.
R,"Ryder System, Inc."
RAAC,Revolution Acceleration Acquisition Corp
RAACU,Revolution Acceleration Acquisition Corp - Unit
RAAS,Cloopen Group Holding Limited
RACE,Ferrari N.V.
RAD,Rite Aid Corporation
RADA,Rada Electronics Industries Limited
RADI,"Radius Global Infrastructure, Inc."
RAMP,"LiveRamp Holdings, Inc."
RARE,Ultragenyx Pharmaceutical Inc.
RAVN,"Raven Industries, Inc."
RBA,Ritchie Bros. Auctioneers Incorporated
RBAC,RedBall Acquisition Corp.
RBC,Regal Beloit Corporation
RBLX,Roblox Corporation
RC,Ready Capital Corproation
RCI,"Rogers Communication, Inc."
RCKT,"Rocket Pharmaceuticals, Inc."
RCL,Royal Caribbean Cruises Ltd.
RCLFU,Rosecliff Acquisition Corp I
RCM,R1 RCM Inc.
RCUS,"Arcus Biosciences, Inc."
RDFN,Redfin Corporation
RDN,Radian Group Inc.
RDS.A,Royal Dutch Shell PLC Class A
RDS.B,Royal Dutch Shell PLC Royal Dutch Shell PLC Class B
RDUS,"Radius Health, Inc."
REAL,"The RealReal, Inc."
REG,Regency Centers Corporation
REGI,"Renewable Energy Group, Inc."
REGN,"Regeneron Pharmaceuticals, Inc."
REKR,"Rekor Systems, Inc."
RELX,RELX PLC PLC
REPL,"Replimune Group, Inc."
REPX,Riley Exploration Permian Inc
RETA,"Reata Pharmaceuticals, Inc. - Class A"
REV,"Revlon, Inc."
REVG,"REV Group, Inc."
REXR,"Rexford Industrial Realty, Inc."
REYN,Reynolds Consumer Products Inc.
REZI,"Resideo Technologies, Inc."
RF,Regions Financial Corporation
RGA,"Reinsurance Group of America, Incorporated"
RGEN,Repligen Corporation
RGLD,"Royal Gold, Inc."
RGNX,REGENXBIO Inc.
RGR,"Sturm, Ruger & Company, Inc."
RGS,Regis Corporation
RH,Restoration Hardware Holdings Inc.
RHI,Robert Half International Inc.
RHP,"Ryman Hospitality Properties, Inc. (REIT)"
RIDE,Lordstown Motors Corp.
RIO,Rio Tinto Plc
RIOT,"Riot Blockchain, Inc."
RJF,"Raymond James Financial, Inc."
RKT,"Rocket Companies, Inc."
RL,Ralph Lauren Corporation
RLAY,"Relay Therapeutics, Inc."
RLGY,Realogy Holdings Corp.
RLJ,RLJ Lodging Trust
RLX,RLX Technology Inc.
RMBS,"Rambus, Inc."
RMD,ResMed Inc.
RMGB,RMG Acquisition Corp. II
RMGBU,RMG Acquisition Corp. II - Unit
RMGCU,RMG Acquisition Corp. III - Unit
RMO,"Romeo Power, Inc."
RNA,"Avidity Biosciences, Inc."
RNG,"Ringcentral, Inc."
RNR,RenaissanceRe Holdings Ltd.
RNST,Renasant Corporation
ROAD,"Construction Partners, Inc."
ROIC,Retail Opportunity Investments Corp.
ROK,"Rockwell Automation, Inc."
ROKU,"Roku, Inc."
ROL,"Rollins, Inc."
ROOT,"Root, Inc."
ROP,"Roper Industries, Inc."
ROST,"Ross Stores, Inc."
RPAI,"Retail Properties of America, Inc."
RPAY,Repay Holdings Corporation
RPD,"Rapid7, Inc."
RPLA,Replay Acquisition Corp.
RPM,RPM International Inc.
RPRX,Royalty Pharma plc
RPT,Ramco-Gershenson Properties Trust
RRC,Range Resources Corporation
RRGB,"Red Robin Gourmet Burgers, Inc."
RRR,"Red Rock Resorts, Inc."
RS,Reliance Steel & Aluminum Co.
RSG,"Republic Services, Inc."
RSI,"Rush Street Interactive, Inc."
RSVA,Rodgers Silicon Valley Acquisition Corp.
RTLR,Rattler Midstream LP
RTP,Reinvent Technology Partners
RTP.U,"Reinvent Technology Partners Units, each consisting of one Class A ordinary share and one-fourth of one redeemable warrant"
RTPZ,Reinvent Technology Partners Z
RTX,Raytheon Technologies Corporation
RUBY,"Rubius Therapeutics, Inc."
RUN,Sunrun Inc.
RUTH,"Ruth's Hospitality Group, Inc."
RVLV,"Revolve Group, Inc."
RVMD,"Revolution Medicines, Inc."
RVNC,"Revance Therapeutics, Inc."
RVP,"Retractable Technologies, Inc."
RWT,"Redwood Trust, Inc."
RXN,Rexnord Corporation
RXRAU,RXR Acquisition Corp. - Unit consisting of 1 share Class A common and 1/5th redeemable warrant
RXT,"Rackspace Technology, Inc."
RY,Royal Bank Of Canada
RYAAY,Ryanair Holdings plc
RYAM,Rayonier Advanced Materials Inc.
RYN,Rayonier Inc. REIT
RYTM,"Rhythm Pharmaceuticals, Inc."
SA,"Seabridge Gold, Inc."
SABR,Sabre Corporation
SAGE,"Sage Therapeutics, Inc."
SAH,"Sonic Automotive, Inc."
SAIC,Science Applications International Corporation
SAII,Software Acquisition Group Inc. II
SAIL,"SailPoint Technologies Holdings, Inc."
SANA,"Sana Biotechnology, Inc."
SANM,Sanmina Corporation
SAP,SAP AG ADS
SATS,EchoStar Corporation
SAVA,"Cassava Sciences, Inc."
SAVE,"Spirit Airlines, Inc."
SBAC,SBA Communications Corporation
SBEAU,SilverBox Engaged Merger Corp I
SBGI,"Sinclair Broadcast Group, Inc."
SBH,"Sally Beauty Holdings, Inc."
SBLK,Star Bulk Carriers Corp.
SBNY,Signature Bank
SBRA,"Sabra Healthcare REIT, Inc."
SBSW,Sibanye Stillwater Limited
SBUX,Starbucks Corporation
SC,Santander Consumer USA Holdings Inc.
SCCO,Southern Copper Corporation
SCHN,"Schnitzer Steel Industries, Inc."
SCHW,Charles Schwab Corporation (The)
SCI,Service Corporation International
SCLEU,Broadscale Acquisition Corp.
SCOAU,ScION Tech Growth I - Unit
SCPL,SciPlay Corporation
SCR,Score Media and Gaming Inc.
SCS,Steelcase Inc.
SDACU,Sustainable Development Acquisition I Corp. - Unit
SDC,"SmileDirectClub, Inc."
SDGR,"Schrodinger, Inc."
SE,Sea Limited
SEAH,Sports Entertainment Acquisition Corp.
SEAS,"SeaWorld Entertainment, Inc."
SEDG,"SolarEdge Technologies, Inc."
SEE,Sealed Air Corporation
SEER,"Seer, Inc."
SEIC,SEI Investments Company
SEM,Select Medical Holdings Corporation
SF,Stifel Financial Corporation
SFIX,"Stitch Fix, Inc."
SFM,"Sprouts Farmers Market, Inc."
SFNC,Simmons First National Corporation
SFTW,Osprey Technology Acquisition Corp.
SGEN,"Seattle Genetics, Inc."
SGFY,"Signify Health, Inc."
SGH,"SMART Global Holdings, Inc."
SGMO,"Sangamo BioSciences, Inc."
SGMS,Scientific Games Corp
SGRY,"Surgery Partners, Inc."
SHAK,"Shake Shack, Inc."
SHC,Sotera Health Company
SHLS,"Shoals Technologies Group, Inc."
SHLX,"Shell Midstream Partners, L.P."
SHO,"Sunstone Hotel Investors, Inc."
SHOO,"Steven Madden, Ltd."
SHOP,Shopify Inc.
SHW,Sherwin-Williams Company (The)
SI,Silvergate Capital Corporation
SIG,Signet Jewelers Limited 
SILK,"Silk Road Medical, Inc."
SIMO,Silicon Motion Technology Corporation
SITC,SITE Centers Corp.
SITE,"SiteOne Landscape Supply, Inc."
SITM,SiTime Corporation
SIVB,SVB Financial Group
SIX,Six Flags Entertainment Corporation
SJI,"South Jersey Industries, Inc."
SJM,J.M. Smucker Company (The)
SJR,Shaw Communications Inc.
SKLZ,Skillz Inc.
SKM,"SK Telecom Co., Ltd."
SKT,"Tanger Factory Outlet Centers, Inc."
SKX,"Skechers U.S.A., Inc."
SKY,Skyline Corporation
SKYW,"SkyWest, Inc."
SLAB,"Silicon Laboratories, Inc."
SLAC.U,"Social Leverage Acquisition Corp I Units, each consisting of one share of Class A common stock and one-fourth of one redeemable warrant"
SLAMU,Slam Corp. - Unit
SLB,Schlumberger N.V.
SLCA,"U.S. Silica Holdings, Inc."
SLCRU,Silver Crest Acquisition Corporation - Unit
SLF,Sun Life Financial Inc.
SLG,SL Green Realty Corporation
SLGN,"Silgan Holdings, Inc."
SLM,SLM Corporation
SLQT,"SelectQuote, Inc."
SM,SM Energy Company
SMAR,Smartsheet Inc.
SMCI,"Super Micro Computer, Inc."
SMG,Scotts Miracle-Gro Company (The)
SMPL,The Simply Good Foods Company
SMTC,Semtech Corporation
SNA,Snap-On Incorporated
SNAP,Snap Inc.
SNBR,Sleep Number Corporation
SNDR,"Schneider National, Inc."
SNDX,"Syndax Pharmaceuticals, Inc."
SNE,Sony Corporation
SNN,"Smith & Nephew SNATS, Inc."
SNOW,Snowflake Inc.
SNPR,Tortoise Acquisition Corp. II
SNPR.U,Tortoise Acquisition Corp. II Units
SNPS,"Synopsys, Inc."
SNSE,"Sensei Biotherapeutics, Inc."
SNV,Synovus Financial Corp.
SNX,Synnex Corporation
SNY,Sanofi
SO,Southern Company (The)
SOAC,Sustainable Opportunities Acquisition Corp.
SOAC.U,"Sustainable Opportunities Acquisition Corp. Units, each consisting of one Class A ordinary share and one-half of one redeemable warrant"
SOHU,Sohu.com Inc.
SOI,"Solaris Oilfield Infrastructure, Inc."
SOL,Renesola Ltd.
SOLY,"Soliton, Inc."
SON,Sonoco Products Company
SONO,"Sonos, Inc."
SPB,"Spectrum Brands Holdings, Inc."
SPCE,"Virgin Galactic Holdings, Inc. "
SPFR,Jaws Spitfire Acquisition Corporation
SPG,"Simon Property Group, Inc."
SPGI,S&P Global Inc.
SPGS.U,"Simon Property Group Acquisition Holdings, Inc. Units, each consisting of one share of Class A common stock and one-fifth of one redeemable warrant"
SPH,"Suburban Propane Partners, L.P."
SPKBU,Silver Spike Acquisition Corp II - Units
SPLK,Splunk Inc.
SPNT,SiriusPoint Ltd
SPNV,"Supernova Partners Acquisition Company, Inc."
SPNV.U,"Supernova Partners Acquisition Company, Inc. Units, each consisting of one share of Class A common stock and one-third of one warrant"
SPOT,Spotify Technology S.A.
SPR,"Spirit Aerosystems Holdings, Inc."
SPRO,"Spero Therapeutics, Inc."
SPRQ,Spartan Acquisition Corp. II
SPRQ.U,Spartan Acquisition Corp. II Units
SPT,"Sprout Social, Inc"
SPTN,"Spartan Stores, Inc."
SPWR,SunPower Corporation
SQ,"Square, Inc."
SQM,Sociedad Quimica y Minera S.A.
SR,Spire Inc.
SRAC,Stable Road Acquisition Corp.
SRC,"Spirit Realty Capital, Inc."
SRCL,"Stericycle, Inc."
SRE,Sempra Energy
SRG,Seritage Growth Properties
SRNE,"Sorrento Therapeutics, Inc."
SRNGU,Soaring Eagle Acquisition Corp
SRPT,"Sarepta Therapeutics, Inc."
SSB,South State Corporation
SSL,Sasol Ltd.
SSNC,"SS&C Technologies Holdings, Inc."
SSP,E.W. Scripps Company (The)
SSPK,Silver Spike Acquisition Corp. - WeedMaps
SSRM,SSR Mining Inc.
SSSS,Sutter Rock Capital Corp.
SSTK,"Shutterstock, Inc."
SSYS,"Stratasys, Ltd."
ST,Sensata Technologies Holding N.V.
STAA,STAAR Surgical Company
STAG,"Stag Industrial, Inc."
STAR,iStar Financial Inc.
STAY,"Extended Stay America, Inc."
STE,STERIS Corporation
STIC,Northern Star Acquisition Corp.
STIM,"Neuronetics, Inc."
STKL,"SunOpta, Inc."
STL,Sterling Bancorp
STLA,Stellantis N.V.
STLD,"Steel Dynamics, Inc."
STM,STMicroelectronics N.V.
STMP,Stamps.com Inc.
STNE,StoneCo Ltd.
STNG,Scorpio Tankers Inc.
STOR,STORE Capital Corporation
STPC.U,"Star Peak Corp II Units, each consisting of one share of Class A common stock and one-fourth of one redeemable warrant"
STPK,Star Peak Energy Transition Corp.
STPK.U,"Star Peak Energy Transition Corp. Units, each consisting of one share of Class A common stock, and one-third of one redeemable warrant"
STRL,Sterling Construction Company Inc
STRO,"Sutro Biopharma, Inc."
STT,State Street Corporation
STWD,Starwood Property Trust Inc.
STX,Seagate Technology.
STZ,"Constellation Brands, Inc."
SU,Suncor Energy  Inc.
SUI,"Sun Communities, Inc."
SUM,"Summit Materials, Inc."
SUMO,"Sumo Logic, Inc."
SUN,Sunoco LP
SUNW,"Sunworks, Inc."
SUPN,"Supernus Pharmaceuticals, Inc."
SUZ,Suzano Papel e Celulose S.A.
SV,Spring Valley Acquisition Corp.
SVAC,Starboard Value Acquisition Corp.
SVC,Service Properties Trust
SVFA,SVF Investment Corp.
SVFAU,SVF Investment Corp. - Unit
SVFB,SVF Investment Corp. 2
SVFC,SVF Investment Corp. 3
SVMK,SVMK Inc. - SurveyMonkey
SVOK,Seven Oaks Acquisition Corp.
SVOKU,Seven Oaks Acquisition Corp. - Unit
SWAV,"ShockWave Medical, Inc."
SWBI,"Smith & Wesson Brands, Inc."
SWBK.U,"Switchback II Corporation Units, each consisting of one Class A ordinary share and one fifth of one redeemable warrant"
SWCH,"Switch, Inc."
SWI,SolarWinds Corporation
SWIR,"Sierra Wireless, Inc."
SWK,"Stanley Black & Decker, Inc."
SWKS,"Skyworks Solutions, Inc."
SWTX,"SpringWorks Therapeutics, Inc."
SWX,Southwest Gas Corporation
SXT,Sensient Technologies Corporation
SY,So-Young International Inc.
SYF,Synchrony Financial
SYK,Stryker Corporation
SYNA,Synaptics Incorporated
SYNH,"Syneos Health, Inc."
SYY,Sysco Corporation
T,AT&T Inc.
TACO,"Del Taco Restaurants, Inc."
TAK,Takeda Pharmaceutical Company Limited
TAL,TAL Education Group
TALO,"Talos Energy, Inc."
TAOP,Taoping Inc.
TAP,Molson Coors Brewing Company Class B
TBA,Thoma Bravo Advantage
TBBK,"The Bancorp, Inc."
TBCPU,Thunder Bridge Capital Partners III Inc. - Units
TBIO,"Translate Bio, Inc."
TBPH,"Theravance Biopharma, Inc."
TCACU,Tuatara Capital Acquisition Corporation
TCBI,"Texas Capital Bancshares, Inc."
TCF,TCF Financial Corporation
TCOM,Trip.com Group Limited
TCP,"TC PipeLines, LP"
TCPC,TCP Capital Corp.
TCRR,TCR2 Therapeutics Inc.
TCS,Container Store (The)
TD,Toronto Dominion Bank (The)
TDAC,Trident Acquisitions Corp.
TDC,Teradata Corporation
TDG,Transdigm Group Inc.
TDOC,"Teladoc, Inc."
TDS,"Telephone and Data Systems, Inc."
TDY,Teledyne Technologies Incorporated
TEAM,Atlassian Corporation Plc
TECK,Teck Resources Ltd 
TEL,TE Connectivity
TEN,Tenneco Inc.
TENB,"Tenable Holdings, Inc."
TER,"Teradyne, Inc."
TEVA,Teva Pharmaceutical Industries
TEX,Terex Corporation
TFC,Truist Financial Corporation
TFFP,"TFF Pharmaceuticals, Inc."
TFSL,TFS Financial Corporation
TGH,Textainer Group Holdings
TGI,"Triumph Group, Inc."
TGNA,TEGNA Inc
TGT,Target Corporation
TGTX,"TG Therapeutics, Inc."
THBR,"Thunder Bridge Acquisition II, Ltd."
THC,Tenet Healthcare Corporation
THCA,Tuscan Holdings Corp. II
THCB,Tuscan Holdings Corp.
THMAU,Thimble Point Acquisition Corp. - Unit
THO,"Thor Industries, Inc."
THS,"Treehouse Foods, Inc."
TIGR,UP Fintech Holding Limited
TILE,"Interface, Inc."
TIMB,TIM S.A.
TIXT,TELUS International (Cda) Inc.
TJX,"TJX Companies, Inc. (The)"
TKR,Timken Company (The)
TLIS,Talis Biomedical Corporation
TLRY,"Tilray, Inc."
TLS,Telos Corporation
TM,Toyota Motor Corporation
TMDX,"TransMedics Group, Inc."
TME,Tencent Music Entertainment Group
TMHC,Taylor Morrison Home Corporation
TMO,Thermo Fisher Scientific Inc
TMST,Timken Steel Corporation
TMUS,"T-Mobile US, Inc."
TMX,"Terminix Global Holdings, Inc."
TNDM,"Tandem Diabetes Care, Inc."
TNET,"TriNet Group, Inc."
TNK,Teekay Tankers Ltd.
TNL,Travel + Leisure Co.
TOL,Toll Brothers Inc.
TOT,Total S.A.
TPC,Tutor Perini Corporation
TPGY,TPG Pace Beneficial Finance Corp.
TPH,"Tri Pointe Homes, Inc."
TPIC,"TPI Composites, Inc."
TPR,"Tapestry, Inc."
TPTX,"Turning Point Therapeutics, Inc."
TPX,"Tempur Sealy International, Inc."
TR,"Tootsie Roll Industries, Inc."
TREB,Trebia Acquisition Corp.
TREE,"Tree.com, Inc."
TREX,"Trex Company, Inc."
TRGP,"Targa Resources, Inc."
TRHC,"Tabula Rasa HealthCare, Inc."
TRI,Thomson Reuters Corp
TRIL,Trillium Therapeutics Inc.
TRIP,"TripAdvisor, Inc."
TRMB,Trimble Navigation Limited
TRN,"Trinity Industries, Inc."
TRNO,Terreno Realty Corporation
TROW,"T. Rowe Price Group, Inc."
TROX,Tronox Limited
TRP,TransCanada Corporation
TRQ,Turquoise Hill Resources Ltd.
TRTN,Triton International Limited
TRTX,"TPG RE Finance Trust, Inc."
TRU,TransUnion
TRUP,"Trupanion, Inc."
TRV,"The Travelers Companies, Inc."
TS,Tenaris S.A.
TSCO,Tractor Supply Company
TSE,Trinseo S.A.
TSEM,Tower Semiconductor Ltd.
TSIA,TS Innovation Acquisitions Corp.
TSIBU,Tishman Speyer Innovation Corp. II
TSLA,"Tesla Motors, Inc."
TSLX,"TPG Specialty Lending, Inc."
TSM,Taiwan Semiconductor Manufacturing Company Ltd.
TSN,"Tyson Foods, Inc."
TT,Trane Technologies plc (owns Thermo King)
TTC,Toro Company (The)
TTCF,"Tattooed Chef, Inc."
TTD,"The Trade Desk, Inc. "
TTEK,"Tetra Tech, Inc."
TTGT,"TechTarget, Inc."
TTM,Tata Motors Limited
TTMI,"TTM Technologies, Inc."
TTWO,"Take-Two Interactive Software, Inc."
TU,Telus Corporation
TUFN,Tufin Software Technologies Ltd.
TUP,Tupperware Brands Corporation
TVTX,"Travere Therapeutics, Inc."
TVTY,"Tivity Health, Inc."
TW,Tradeweb Markets Inc.
TWCT,TWC Tech Holdings II Corp.
TWLO,Twilio Inc.
TWLVU,Twelve Seas Investment Company II
TWND,Tailwind Acquisition Corp.
TWNK,"Hostess Brands, Inc."
TWOU,"2U, Inc."
TWST,Twist Bioscience Corporation
TWTR,"Twitter, Inc."
TX,Ternium S.A.
TXG,"10x Genomics, Inc."
TXN,Texas Instruments Incorporated
TXRH,"Texas Roadhouse, Inc."
TXT,Textron Inc.
TYL,"Tyler Technologies, Inc."
U,Unity Software Inc.
UA,"Under Armour, Inc. Class C"
UAA,"Under Armour, Inc. Class A"
UAL,United Continental Holdings
UBER,"Uber Technologies, Inc."
UBS,UBS AG
UBSI,"United Bankshares, Inc."
UCBI,"United Community Banks, Inc."
UCTT,"Ultra Clean Holdings, Inc."
UDR,"UDR, Inc."
UE,Urban Edge Properties
UFPI,"Universal Forest Products, Inc."
UFS,Domtar Corporation
UGI,UGI Corporation
UHS,"Universal Health Services, Inc."
UL,Unilever PLC
ULTA,"Ulta Salon, Cosmetics & Fragrance, Inc."
UMPQ,Umpqua Holdings Corporation
UNFI,"United Natural Foods, Inc."
UNH,UnitedHealth Group Incorporated
UNIT,Uniti Group Inc.
UNM,Unum Group
UNP,Union Pacific Corporation
UNVR,Univar Inc.
UPLD,"Upland Software, Inc."
UPS,"United Parcel Service, Inc."
UPST,"Upstart Holdings, Inc."
UPWK,Upwork Inc.
URBN,"Urban Outfitters, Inc."
URI,"United Rentals, Inc."
USAC,"USA Compression Partners, LP"
USB,U.S. Bancorp
USCR,"U S Concrete, Inc."
USFD,US Foods Holding Corp.
USX,"U.S. Xpress Enterprises, Inc."
UTHR,United Therapeutics Corporation
UTZ,Utz Brands Inc
V,Visa Inc.
VAC,Marriot Vacations Worldwide Corporation
VACQ,Vector Acquisition Corporation
VALE,VALE S.A.
VAPO,"Vapotherm, Inc."
VAQC,Vector Acquisition Corporation II
VC,Visteon Corporation
VCEL,Vericel Corporation 
VCRA,"Vocera Communications, Inc."
VCVC,10X Capital Venture Acquisition Corp 
VCYT,"Veracyte, Inc."
VECO,Veeco Instruments Inc.
VEDL,Vedanta
VEEV,Veeva Systems Inc.
VELOU,Velocity Acquisition Corp
VER,"VEREIT, Inc."
VERI,"Veritone, Inc."
VERU,Veru Inc.
VERX,"Vertex, Inc."
VFC,V.F. Corporation
VFF,"Village Farms International, Inc."
VG,Vonage Holdings Corp.
VGAC,VG Acquisition Corp. / 23andMe
VGAC.U,"VG Acquisition Corp. Units, each consisting of one Class A ordinary share and one-third of one redeemable warrant"
VGR,Vector Group Ltd.
VIAC,ViacomCBS Inc. - Class B
VIAV,Viavi Solutions Inc.
VICI,VICI Properties Inc.
VIH,VPC Impact Acquisition Holdings
VINP,Vinci Partners Investments Ltd.
VIOT,"Viomi Technology Co., Ltd"
VIPS,Vipshop Holdings
VIR,"Vir Biotechnology, Inc."
VIRT,"Virtu Financial, Inc."
VITL,"Vital Farms, Inc."
VIVO,Meridian Bioscience Inc.
VLDR,"Velodyne Lidar, Inc."
VLO,Valero Energy Corporation
VLRS,"Controladora Vuela Compania de Aviacion, S.A.B. de C.V."
VLY,Valley National Bancorp
VMAR,Vision Marine Technologies Inc.
VMC,Vulcan Materials Company (Holding Company)
VMW,"Vmware, Inc."
VNDA,Vanda Pharmaceuticals Inc.
VNE,"Veoneer, Inc."
VNET,"21Vianet Group, Inc."
VNO,Vornado Realty Trust
VNOM,Viper Energy Partners LP
VNT,Vontier Corporation
VOD,Vodafone Group Plc
VOR,Vor Biopharma Inc.
VOXX,VOXX International Corporation
VOYA,ING U.S. Inc.
VPCBU,VPC Impact Acquisition Holdings II - Unit
VRA,"Vera Bradley, Inc."
VREX,Varex Imaging Corporation
VRM,"Vroom, Inc."
VRNS,"Varonis Systems, Inc."
VRNT,Verint Systems Inc.
VRRM,Verra Mobility Corporation
VRSK,"Verisk Analytics, Inc."
VRSN,"VeriSign, Inc."
VRT,"Vertiv Holdings, LLC"
VRTV,Veritiv Corporation
VRTX,Vertex Pharmaceuticals Incorporated
VSAT,"ViaSat, Inc."
VSH,"Vishay Intertechnology, Inc."
VSPR,Vesper Healthcare Acquisition Corp.
VST,Vistra Energy Corp.
VSTO,Vista Outdoor Inc.
VTIQU,VectoIQ Acquisition Corp. II - Unit
VTR,"Ventas, Inc."
VTRS,Viatris Inc.
VUZI,Vuzix Corporation
VVNT,"Vivint Smart Home, Inc. "
VVV,Valvoline Inc.
VYGG,Vy Global Growth
VZ,Verizon Communications Inc.
W,Wayfair Inc.
WAB,Westinghouse Air Brake Technologies Corporation
WAFD,"Washington Federal, Inc."
WAL,Western Alliance Bancorporation
WAT,Waters Corporation
WB,Weibo Corporation
WBA,"Walgreen Boots Alliance, Inc."
WBAI,500.com Limited
WBS,Webster Financial Corporation
WBT,"Welbilt, Inc."
WCC,"WESCO International, Inc."
WCN,"Waste Connections, Inc."
WDAY,"Workday, Inc."
WDC,Western Digital Corporation
WEC,Wisconsin Energy Corporation
WELL,Welltower Inc.
WEN,Wendy's Company (The)
WERN,"Werner Enterprises, Inc."
WES,"Western Gas Partners, LP Limited Partner Interests"
WEX,WEX Inc.
WFC,Wells Fargo & Company
WGO,"Winnebago Industries, Inc."
WH,"Wyndham Hotels & Resorts, Inc."
WHD,"Cactus, Inc."
WHR,Whirlpool Corporation
WING,Wingstop Inc.
WISH,ContextLogic Inc.
WIX,Wix.com Ltd.
WK,Workiva Inc.
WKHS,"Workhorse Group, Inc."
WLK,Westlake Chemical Corporation
WLL,Whiting Petroleum Corporation
WLTW,Willis Towers Watson PLC
WM,"Waste Management, Inc."
WMB,"Williams Companies, Inc. (The)"
WMG,Warner Music Group
WMS,"Advanced Drainage Systems, Inc."
WMT,"Wal-Mart Stores, Inc."
WNC,Wabash National Corporation
WNW,Wunong Net Technology Company Limited
WOOF,"Petco Health and Wellness Company, Inc."
WOW,"WideOpenWest, Inc."
WPC,W.P. Carey Inc. REIT
WPF,Foley Trasimene Acquisition Corp.
WPM,Wheaton Precious Metals Corp
WRB,W.R. Berkley Corporation
WRE,Washington Real Estate Investment Trust
WRI,Weingarten Realty Investors
WRK,Westrock Company
WSFS,WSFS Financial Corporation
WSM,"Williams-Sonoma, Inc. (DE)"
WST,"West Pharmaceutical Services, Inc."
WTFC,Wintrust Financial Corporation
WTRG,"Essential Utilities, Inc."
WU,Western Union Company (The)
WW,Weight Watchers International Inc.
WWD,"Woodward, Inc."
WWE,"World Wrestling Entertainment, Inc."
WWW,"Wolverine World Wide, Inc."
WY,Weyerhaeuser Company
WYNN,"Wynn Resorts, Limited"
WYY,WidePoint Corporation
X,United States Steel Corporation
XEC,Cimarex Energy Co
XEL,Xcel Energy Inc.
XHR,"Xenia Hotels & Resorts, Inc."
XL,XL Fleet Corp.
XLRN,Acceleron Pharma Inc.
XM,Qualtrics International Inc.
XOM,Exxon Mobil Corporation
XONE,The ExOne Company
XP,XP Inc.
XPDIU,Power & Digital Infrastructure Acquisition Corp. - Unit
XPEL,"XPEL, Inc. "
XPER,Xperi Corporation 
XPEV,XPeng Inc.
XPO,"XPO Logistics, Inc."
XPOA,"DPCM Capital, Inc."
XPOA.U,"DPCM Capital, Inc. Units, each consisting of one share of Class A common stock and one-third of one redeemable warrant"
XRAY,DENTSPLY International Inc.
XRX,Xerox Corporation
XYL,Xylem Inc.
YAC,Yucaipa Acquisition Corporation
YALA,Yalla Group Limited
YELP,Yelp Inc.
YETI,"YETI Holdings, Inc."
YEXT,"Yext, Inc."
YI,"111, Inc."
YMAB,"Y-mAbs Therapeutics, Inc."
YNDX,Yandex N.V.
YQ,17 Education & Technology Group Inc.
YSG,Yatsen Holding Limited
YTEN,"Yield10 Bioscience, Inc"
YUM,"Yum! Brands, Inc."
YUMC,"Yum China Holdings, Inc."
YY,YY Inc.
Z,"Zillow Group, Inc. - Class C"
ZBH,"Zimmer Biomet Holdings, Inc."
ZBRA,Zebra Technologies Corporation
ZDGE,"Zedge, Inc. Class B"
ZEN,"Zendesk, Inc."
ZEPP,Zepp Health Corporation
ZG,"Zillow Group, Inc."
ZGNX,"Zogenix, Inc."
ZI,ZoomInfo Technologies Inc.
ZIM,ZIM Integrated Shipping Services Ltd.
ZION,Zions Bancorporation
ZLAB,Zai Lab Limited
ZM,"Zoom Video Communications, Inc."
ZNGA,Zynga Inc.
ZNTE,Zanite Acquisition Corp.
ZS,"Zscaler, Inc."
ZTO,ZTO Express (Cayman) Inc.
ZTS,Zoetis Inc.
ZUO,"Zuora, Inc."
ZYME,Zymeworks Inc.
ZYXI,"Zynex, Inc. "
